-- --------------------------------------------------------

--
-- Table structure for table `regions`
--

CREATE TABLE IF NOT EXISTS `regions` (
`regcode` int(11) NOT NULL COMMENT 'Region Code',
  `regname` varchar(50) COLLATE latin1_general_ci DEFAULT NULL COMMENT 'Region Name',
  `regabbrev` varchar(10) COLLATE latin1_general_ci DEFAULT NULL,
  `nscb_reg_code` char(2) COLLATE latin1_general_ci DEFAULT NULL,
  `nscb_reg_name` varchar(50) COLLATE latin1_general_ci DEFAULT NULL,
  `UserLevelID` int(11) DEFAULT NULL,
  `addedby` varchar(50) COLLATE latin1_general_ci DEFAULT NULL,
  `dateupdated` datetime DEFAULT NULL,
  `status` char(1) COLLATE latin1_general_ci DEFAULT NULL
) ENGINE=MyISAM AUTO_INCREMENT=21 DEFAULT CHARSET=latin1 COLLATE=latin1_general_ci;

--
-- Dumping data for table `regions`
--

INSERT INTO `regions` (`regcode`, `regname`, `regabbrev`, `nscb_reg_code`, `nscb_reg_name`, `UserLevelID`, `addedby`, `dateupdated`, `status`) VALUES
(1, 'REGION I (ILOCOS REGION)', NULL, NULL, NULL, NULL, NULL, NULL, NULL),
(2, 'REGION II (CAGAYAN VALLEY)', NULL, NULL, NULL, NULL, NULL, NULL, NULL),
(3, 'REGION III (CENTRAL LUZON)', NULL, NULL, NULL, NULL, NULL, NULL, NULL),
(4, 'REGION IV-A (CALABAR ZON)', NULL, NULL, NULL, NULL, NULL, NULL, NULL),
(5, 'REGION V (BICOL REGION)', NULL, NULL, NULL, NULL, NULL, NULL, NULL),
(6, 'REGION VI (WESTERN VISAYAS)', NULL, NULL, NULL, NULL, NULL, NULL, NULL),
(7, 'REGION VII (CENTRAL VISAYAS)', NULL, NULL, NULL, NULL, NULL, NULL, NULL),
(8, 'REGION VIII (EASTERN VISAYAS)', NULL, NULL, NULL, NULL, NULL, NULL, NULL),
(9, 'REGION IX (ZAMBOANGA PENINSULA)', NULL, NULL, NULL, NULL, NULL, NULL, NULL),
(10, 'REGION X (NORTHERN MINDANAO)', NULL, NULL, NULL, NULL, NULL, NULL, NULL),
(11, 'REGION XI (DAVAO REGION)', NULL, NULL, NULL, NULL, NULL, NULL, NULL),
(12, 'REGION XII (SOCCSKSA RGEN)', NULL, NULL, NULL, NULL, NULL, NULL, NULL),
(13, 'NATIONAL CAPITAL REGION (NCR)', NULL, NULL, NULL, NULL, NULL, NULL, NULL),
(14, 'CORDILLERA ADMINISTRA TIVE REGION (CAR)', NULL, NULL, NULL, NULL, NULL, NULL, NULL),
(15, 'AUTONOMO US REGION IN MUSLIM MINDANAO (ARMM)', NULL, NULL, NULL, NULL, NULL, NULL, NULL),
(16, 'REGION XIII (CARAGA)', NULL, NULL, NULL, NULL, NULL, NULL, NULL),
(17, 'REGION IV-B (MIMAROPA)', NULL, NULL, NULL, NULL, NULL, NULL, NULL);


-- --------------------------------------------------------

--
-- Table structure for table `provinces`
--

CREATE TABLE IF NOT EXISTS `provinces` (
  `regcode` int(11) DEFAULT NULL COMMENT 'Region Code',
  `provcode` int(11) NOT NULL COMMENT 'Province Code',
  `provname` varchar(100) COLLATE latin1_general_ci DEFAULT NULL COMMENT 'Province Name',
  `nscb_prov_code` varchar(4) COLLATE latin1_general_ci DEFAULT NULL,
  `nscb_prov_name` varchar(100) COLLATE latin1_general_ci DEFAULT NULL,
  `addedby` varchar(50) COLLATE latin1_general_ci DEFAULT NULL,
  `UserLevelID` int(11) DEFAULT NULL,
  `dateupdated` datetime DEFAULT NULL,
  `status` char(1) COLLATE latin1_general_ci DEFAULT NULL
) ENGINE=MyISAM AUTO_INCREMENT=1764 DEFAULT CHARSET=latin1 COLLATE=latin1_general_ci;

--
-- Dumping data for table `provinces`
--

INSERT INTO `provinces` (`regcode`, `provcode`, `provname`, `nscb_prov_code`, `nscb_prov_name`, `addedby`, `UserLevelID`, `dateupdated`, `status`) VALUES
(14, 1401, 'ABRA', NULL, NULL, NULL, NULL, NULL, NULL),
(16, 1602, 'AGUSAN DEL NORTE', NULL, NULL, NULL, NULL, NULL, NULL),
(16, 1603, 'AGUSAN DEL SUR', NULL, NULL, NULL, NULL, NULL, NULL),
(6, 604, 'AKLAN', NULL, NULL, NULL, NULL, NULL, NULL),
(5, 505, 'ALBAY', NULL, NULL, NULL, NULL, NULL, NULL),
(6, 606, 'ANTIQUE', NULL, NULL, NULL, NULL, NULL, NULL),
(15, 1507, 'BASILAN', NULL, NULL, NULL, NULL, NULL, NULL),
(3, 308, 'BATAAN', NULL, NULL, NULL, NULL, NULL, NULL),
(2, 209, 'BATANES', NULL, NULL, NULL, NULL, NULL, NULL),
(4, 410, 'BATANGAS', NULL, NULL, NULL, NULL, NULL, NULL),
(14, 1411, 'BENGUET', NULL, NULL, NULL, NULL, NULL, NULL),
(7, 712, 'BOHOL', NULL, NULL, NULL, NULL, NULL, NULL),
(10, 1013, 'BUKIDNON', NULL, NULL, NULL, NULL, NULL, NULL),
(3, 314, 'BULACAN', NULL, NULL, NULL, NULL, NULL, NULL),
(2, 215, 'CAGAYAN', NULL, NULL, NULL, NULL, NULL, NULL),
(5, 516, 'CAMARINES NORTE', NULL, NULL, NULL, NULL, NULL, NULL),
(5, 517, 'CAMARINES SUR', NULL, NULL, NULL, NULL, NULL, NULL),
(10, 1018, 'CAMIGUIN', NULL, NULL, NULL, NULL, NULL, NULL),
(6, 619, 'CAPIZ', NULL, NULL, NULL, NULL, NULL, NULL),
(5, 520, 'CATANDUANES', NULL, NULL, NULL, NULL, NULL, NULL),
(4, 421, 'CAVITE', NULL, NULL, NULL, NULL, NULL, NULL),
(7, 722, 'CEBU', NULL, NULL, NULL, NULL, NULL, NULL),
(11, 1123, 'DAVAO DEL NORTE', NULL, NULL, NULL, NULL, NULL, NULL),
(11, 1124, 'DAVAO DEL SUR', NULL, NULL, NULL, NULL, NULL, NULL),
(11, 1125, 'DAVAO ORIENTAL', NULL, NULL, NULL, NULL, NULL, NULL),
(8, 826, 'EASTERN SAMAR', NULL, NULL, NULL, NULL, NULL, NULL),
(14, 1427, 'IFUGAO', NULL, NULL, NULL, NULL, NULL, NULL),
(1, 128, 'ILOCOS NORTE', NULL, NULL, NULL, NULL, NULL, NULL),
(1, 129, 'ILOCOS SUR', NULL, NULL, NULL, NULL, NULL, NULL),
(6, 630, 'ILOILO', NULL, NULL, NULL, NULL, NULL, NULL),
(2, 231, 'ISABELA', NULL, NULL, NULL, NULL, NULL, NULL),
(14, 1432, 'KALINGA', NULL, NULL, NULL, NULL, NULL, NULL),
(1, 133, 'LA UNION', NULL, NULL, NULL, NULL, NULL, NULL),
(4, 434, 'LAGUNA', NULL, NULL, NULL, NULL, NULL, NULL),
(10, 1035, 'LANAO DEL NORTE', NULL, NULL, NULL, NULL, NULL, NULL),
(15, 1536, 'LANAO DEL SUR', NULL, NULL, NULL, NULL, NULL, NULL),
(8, 837, 'LEYTE', NULL, NULL, NULL, NULL, NULL, NULL),
(15, 1538, 'MAGUINDANAO', NULL, NULL, NULL, NULL, NULL, NULL),
(13, 1339, 'National Capital Region (NCR)', NULL, NULL, NULL, NULL, NULL, NULL),
(17, 1740, 'MARINDUQUE', NULL, NULL, NULL, NULL, NULL, NULL),
(5, 541, 'MASBATE', NULL, NULL, NULL, NULL, NULL, NULL),
(10, 1042, 'MISAMIS OCCIDENTAL', NULL, NULL, NULL, NULL, NULL, NULL),
(10, 1043, 'MISAMIS ORIENTAL', NULL, NULL, NULL, NULL, NULL, NULL),
(14, 1444, 'MOUNTAIN PROVINCE', NULL, NULL, NULL, NULL, NULL, NULL),
(6, 645, 'NEGROS OCCIDENTAL', NULL, NULL, NULL, NULL, NULL, NULL),
(7, 746, 'NEGROS ORIENTAL', NULL, NULL, NULL, NULL, NULL, NULL),
(12, 1247, 'COTABATO (NORTH COTABATO)', NULL, NULL, NULL, NULL, NULL, NULL),
(8, 848, 'NORTHERN SAMAR', NULL, NULL, NULL, NULL, NULL, NULL),
(3, 349, 'NUEVA ECIJA', NULL, NULL, NULL, NULL, NULL, NULL),
(2, 250, 'NUEVA VIZCAYA', NULL, NULL, NULL, NULL, NULL, NULL),
(17, 1751, 'OCCIDENTAL MINDORO', NULL, NULL, NULL, NULL, NULL, NULL),
(17, 1752, 'ORIENTAL MINDORO', NULL, NULL, NULL, NULL, NULL, NULL),
(17, 1753, 'PALAWAN', NULL, NULL, NULL, NULL, NULL, NULL),
(3, 354, 'PAMPANGA', NULL, NULL, NULL, NULL, NULL, NULL),
(1, 155, 'PANGASINAN', NULL, NULL, NULL, NULL, NULL, NULL),
(4, 456, 'QUEZON', NULL, NULL, NULL, NULL, NULL, NULL),
(2, 257, 'QUIRINO', NULL, NULL, NULL, NULL, NULL, NULL),
(4, 458, 'RIZAL', NULL, NULL, NULL, NULL, NULL, NULL),
(17, 1759, 'ROMBLON', NULL, NULL, NULL, NULL, NULL, NULL),
(8, 860, 'SAMAR (WESTERN SAMAR)', NULL, NULL, NULL, NULL, NULL, NULL),
(7, 761, 'SIQUIJOR', NULL, NULL, NULL, NULL, NULL, NULL),
(5, 562, 'SORSOGON', NULL, NULL, NULL, NULL, NULL, NULL),
(12, 1263, 'SOUTH COTABATO', NULL, NULL, NULL, NULL, NULL, NULL),
(8, 864, 'SOUTHERN LEYTE', NULL, NULL, NULL, NULL, NULL, NULL),
(12, 1265, 'SULTAN KUDARAT', NULL, NULL, NULL, NULL, NULL, NULL),
(15, 1566, 'SULU', NULL, NULL, NULL, NULL, NULL, NULL),
(16, 1667, 'SURIGAO DEL NORTE', NULL, NULL, NULL, NULL, NULL, NULL),
(16, 1668, 'SURIGAO DEL SUR', NULL, NULL, NULL, NULL, NULL, NULL),
(3, 369, 'TARLAC', NULL, NULL, NULL, NULL, NULL, NULL),
(15, 1570, 'TAWI-TAWI', NULL, NULL, NULL, NULL, NULL, NULL),
(3, 371, 'ZAMBALES', NULL, NULL, NULL, NULL, NULL, NULL),
(9, 972, 'ZAMBOANGA DEL NORTE', NULL, NULL, NULL, NULL, NULL, NULL),
(9, 973, 'ZAMBOANGA DEL SUR', NULL, NULL, NULL, NULL, NULL, NULL),
(3, 377, 'AURORA', NULL, NULL, NULL, NULL, NULL, NULL),
(8, 878, 'BILIRAN', NULL, NULL, NULL, NULL, NULL, NULL),
(6, 679, 'GUIMARAS', NULL, NULL, NULL, NULL, NULL, NULL),
(12, 1280, 'SARANGANI', NULL, NULL, NULL, NULL, NULL, NULL),
(14, 1481, 'APAYAO', NULL, NULL, NULL, NULL, NULL, NULL),
(11, 1182, 'COMPOSTELA VALLEY', NULL, NULL, NULL, NULL, NULL, NULL),
(9, 983, 'ZAMBOANGA SIBUGAY', NULL, NULL, NULL, NULL, NULL, NULL),
(15, 1584, 'SHARIFF KABUNSUAN', NULL, NULL, NULL, NULL, NULL, NULL),
(16, 1685, 'DINAGAT ISLANDS', NULL, NULL, NULL, NULL, NULL, NULL),
(9, 997, 'CITY OF ISABELA (Not a Province)', NULL, NULL, NULL, NULL, NULL, NULL),
(12, 1298, 'COTABATO CITY (Not a Province)', NULL, NULL, NULL, NULL, NULL, NULL);


-- --------------------------------------------------------

--
-- Table structure for table `municipality`
--

CREATE TABLE IF NOT EXISTS `municipality` (
  `regcode` int(11) DEFAULT NULL COMMENT 'Region Code',
  `provcode` int(11) DEFAULT NULL COMMENT 'Province Code',
`citycode` int(11) NOT NULL COMMENT 'City Code',
  `city_name` varchar(100) COLLATE latin1_general_ci DEFAULT NULL,
  `nscb_city_code` varchar(6) COLLATE latin1_general_ci DEFAULT NULL,
  `nscb_city_name` varchar(100) COLLATE latin1_general_ci DEFAULT NULL,
  `addedby` varchar(50) COLLATE latin1_general_ci DEFAULT NULL,
  `UserLevelID` int(11) DEFAULT NULL,
  `dateupdated` datetime DEFAULT NULL,
  `status` char(1) COLLATE latin1_general_ci DEFAULT NULL
) ENGINE=MyISAM AUTO_INCREMENT=175918 DEFAULT CHARSET=latin1 COLLATE=latin1_general_ci;

--
-- Dumping data for table `municipality`
--

INSERT INTO `municipality` (`regcode`, `provcode`, `citycode`, `city_name`, `nscb_city_code`, `nscb_city_name`, `addedby`, `UserLevelID`, `dateupdated`, `status`) VALUES
(1, 128, 12801, 'ADAMS', NULL, NULL, NULL, NULL, NULL, NULL),
(1, 128, 12802, 'BACARRA', NULL, NULL, NULL, NULL, NULL, NULL),
(1, 128, 12803, 'BADOC', NULL, NULL, NULL, NULL, NULL, NULL),
(1, 128, 12804, 'BANGUI', NULL, NULL, NULL, NULL, NULL, NULL),
(1, 128, 12805, 'BATAC', NULL, NULL, NULL, NULL, NULL, NULL),
(1, 128, 12806, 'BURGOS', NULL, NULL, NULL, NULL, NULL, NULL),
(1, 128, 12807, 'CARASI', NULL, NULL, NULL, NULL, NULL, NULL),
(1, 128, 12808, 'CURRIMAO', NULL, NULL, NULL, NULL, NULL, NULL),
(1, 128, 12809, 'DINGRAS', NULL, NULL, NULL, NULL, NULL, NULL),
(1, 128, 12810, 'DUMALNEG', NULL, NULL, NULL, NULL, NULL, NULL),
(1, 128, 12811, 'BANNA (ESPIRITU)', NULL, NULL, NULL, NULL, NULL, NULL),
(1, 128, 12812, 'LAOAG CITY (Capital)', NULL, NULL, NULL, NULL, NULL, NULL),
(1, 128, 12813, 'MARCOS', NULL, NULL, NULL, NULL, NULL, NULL),
(1, 128, 12814, 'NUEVA ERA', NULL, NULL, NULL, NULL, NULL, NULL),
(1, 128, 12815, 'PAGUDPUD', NULL, NULL, NULL, NULL, NULL, NULL),
(1, 128, 12816, 'PAOAY', NULL, NULL, NULL, NULL, NULL, NULL),
(1, 128, 12817, 'PASUQUIN', NULL, NULL, NULL, NULL, NULL, NULL),
(1, 128, 12818, 'PIDDIG', NULL, NULL, NULL, NULL, NULL, NULL),
(1, 128, 12819, 'PINILI', NULL, NULL, NULL, NULL, NULL, NULL),
(1, 128, 12820, 'SAN NICOLAS', NULL, NULL, NULL, NULL, NULL, NULL),
(1, 128, 12821, 'SARRAT', NULL, NULL, NULL, NULL, NULL, NULL),
(1, 128, 12822, 'SOLSONA', NULL, NULL, NULL, NULL, NULL, NULL),
(1, 128, 12823, 'VINTAR', NULL, NULL, NULL, NULL, NULL, NULL),
(1, 129, 12901, 'ALILEM', NULL, NULL, NULL, NULL, NULL, NULL),
(1, 129, 12902, 'BANAYOYO', NULL, NULL, NULL, NULL, NULL, NULL),
(1, 129, 12903, 'BANTAY', NULL, NULL, NULL, NULL, NULL, NULL),
(1, 129, 12904, 'BURGOS', NULL, NULL, NULL, NULL, NULL, NULL),
(1, 129, 12905, 'CABUGAO', NULL, NULL, NULL, NULL, NULL, NULL),
(1, 129, 12906, 'CITY OF CANDON', NULL, NULL, NULL, NULL, NULL, NULL),
(1, 129, 12907, 'CAOAYAN', NULL, NULL, NULL, NULL, NULL, NULL),
(1, 129, 12908, 'CERVANTES', NULL, NULL, NULL, NULL, NULL, NULL),
(1, 129, 12909, 'GALIMUYOD', NULL, NULL, NULL, NULL, NULL, NULL),
(1, 129, 12910, 'GREGORIO DEL PILAR (CONCEPCION)', NULL, NULL, NULL, NULL, NULL, NULL),
(1, 129, 12911, 'LIDLIDDA', NULL, NULL, NULL, NULL, NULL, NULL),
(1, 129, 12912, 'MAGSINGAL', NULL, NULL, NULL, NULL, NULL, NULL),
(1, 129, 12913, 'NAGBUKEL', NULL, NULL, NULL, NULL, NULL, NULL),
(1, 129, 12914, 'NARVACAN', NULL, NULL, NULL, NULL, NULL, NULL),
(1, 129, 12915, 'QUIRINO (ANGKAKI)', NULL, NULL, NULL, NULL, NULL, NULL),
(1, 129, 12916, 'SALCEDO (BAUGEN)', NULL, NULL, NULL, NULL, NULL, NULL),
(1, 129, 12917, 'SAN EMILIO', NULL, NULL, NULL, NULL, NULL, NULL),
(1, 129, 12918, 'SAN ESTEBAN', NULL, NULL, NULL, NULL, NULL, NULL),
(1, 129, 12919, 'SAN ILDEFONSO', NULL, NULL, NULL, NULL, NULL, NULL),
(1, 129, 12920, 'SAN JUAN (LAPOG)', NULL, NULL, NULL, NULL, NULL, NULL),
(1, 129, 12921, 'SAN VICENTE', NULL, NULL, NULL, NULL, NULL, NULL),
(1, 129, 12922, 'SANTA', NULL, NULL, NULL, NULL, NULL, NULL),
(1, 129, 12923, 'SANTA CATALINA', NULL, NULL, NULL, NULL, NULL, NULL),
(1, 129, 12924, 'SANTA CRUZ', NULL, NULL, NULL, NULL, NULL, NULL),
(1, 129, 12925, 'SANTA LUCIA', NULL, NULL, NULL, NULL, NULL, NULL),
(1, 129, 12926, 'SANTA MARIA', NULL, NULL, NULL, NULL, NULL, NULL),
(1, 129, 12927, 'SANTIAGO', NULL, NULL, NULL, NULL, NULL, NULL),
(1, 129, 12928, 'SANTO DOMINGO', NULL, NULL, NULL, NULL, NULL, NULL),
(1, 129, 12929, 'SIGAY', NULL, NULL, NULL, NULL, NULL, NULL),
(1, 129, 12930, 'SINAIT', NULL, NULL, NULL, NULL, NULL, NULL),
(1, 129, 12931, 'SUGPON', NULL, NULL, NULL, NULL, NULL, NULL),
(1, 129, 12932, 'SUYO', NULL, NULL, NULL, NULL, NULL, NULL),
(1, 129, 12933, 'TAGUDIN', NULL, NULL, NULL, NULL, NULL, NULL),
(1, 129, 12934, 'CITY OF VIGAN (Capital)', NULL, NULL, NULL, NULL, NULL, NULL),
(1, 133, 13301, 'AGOO', NULL, NULL, NULL, NULL, NULL, NULL),
(1, 133, 13302, 'ARINGAY', NULL, NULL, NULL, NULL, NULL, NULL),
(1, 133, 13303, 'BACNOTAN', NULL, NULL, NULL, NULL, NULL, NULL),
(1, 133, 13304, 'BAGULIN', NULL, NULL, NULL, NULL, NULL, NULL),
(1, 133, 13305, 'BALAOAN', NULL, NULL, NULL, NULL, NULL, NULL),
(1, 133, 13306, 'BANGAR', NULL, NULL, NULL, NULL, NULL, NULL),
(1, 133, 13307, 'BAUANG', NULL, NULL, NULL, NULL, NULL, NULL),
(1, 133, 13308, 'BURGOS', NULL, NULL, NULL, NULL, NULL, NULL),
(1, 133, 13309, 'CABA', NULL, NULL, NULL, NULL, NULL, NULL),
(1, 133, 13310, 'LUNA', NULL, NULL, NULL, NULL, NULL, NULL),
(1, 133, 13311, 'NAGUILIAN', NULL, NULL, NULL, NULL, NULL, NULL),
(1, 133, 13312, 'PUGO', NULL, NULL, NULL, NULL, NULL, NULL),
(1, 133, 13313, 'ROSARIO', NULL, NULL, NULL, NULL, NULL, NULL),
(1, 133, 13314, 'CITY OF SAN FERNANDO (Capital)', NULL, NULL, NULL, NULL, NULL, NULL),
(1, 133, 13315, 'SAN GABRIEL', NULL, NULL, NULL, NULL, NULL, NULL),
(1, 133, 13316, 'SAN JUAN', NULL, NULL, NULL, NULL, NULL, NULL),
(1, 133, 13317, 'SANTO TOMAS', NULL, NULL, NULL, NULL, NULL, NULL),
(1, 133, 13318, 'SANTOL', NULL, NULL, NULL, NULL, NULL, NULL),
(1, 133, 13319, 'SUDIPEN', NULL, NULL, NULL, NULL, NULL, NULL),
(1, 133, 13320, 'TUBAO', NULL, NULL, NULL, NULL, NULL, NULL),
(1, 155, 15501, 'AGNO', NULL, NULL, NULL, NULL, NULL, NULL),
(1, 155, 15502, 'AGUILAR', NULL, NULL, NULL, NULL, NULL, NULL),
(1, 155, 15503, 'CITY OF ALAMINOS', NULL, NULL, NULL, NULL, NULL, NULL),
(1, 155, 15504, 'ALCALA', NULL, NULL, NULL, NULL, NULL, NULL),
(1, 155, 15505, 'ANDA', NULL, NULL, NULL, NULL, NULL, NULL),
(1, 155, 15506, 'ASINGAN', NULL, NULL, NULL, NULL, NULL, NULL),
(1, 155, 15507, 'BALUNGAO', NULL, NULL, NULL, NULL, NULL, NULL),
(1, 155, 15508, 'BANI', NULL, NULL, NULL, NULL, NULL, NULL),
(1, 155, 15509, 'BASISTA', NULL, NULL, NULL, NULL, NULL, NULL),
(1, 155, 15510, 'BAUTISTA', NULL, NULL, NULL, NULL, NULL, NULL),
(1, 155, 15511, 'BAYAMBANG', NULL, NULL, NULL, NULL, NULL, NULL),
(1, 155, 15512, 'BINALONAN', NULL, NULL, NULL, NULL, NULL, NULL),
(1, 155, 15513, 'BINMALEY', NULL, NULL, NULL, NULL, NULL, NULL),
(1, 155, 15514, 'BOLINAO', NULL, NULL, NULL, NULL, NULL, NULL),
(1, 155, 15515, 'BUGALLON', NULL, NULL, NULL, NULL, NULL, NULL),
(1, 155, 15516, 'BURGOS', NULL, NULL, NULL, NULL, NULL, NULL),
(1, 155, 15517, 'CALASIAO', NULL, NULL, NULL, NULL, NULL, NULL),
(1, 155, 15518, 'DAGUPAN CITY', NULL, NULL, NULL, NULL, NULL, NULL),
(1, 155, 15519, 'DASOL', NULL, NULL, NULL, NULL, NULL, NULL),
(1, 155, 15520, 'INFANTA', NULL, NULL, NULL, NULL, NULL, NULL),
(1, 155, 15521, 'LABRADOR', NULL, NULL, NULL, NULL, NULL, NULL),
(1, 155, 15522, 'LINGAYEN (Capital)', NULL, NULL, NULL, NULL, NULL, NULL),
(1, 155, 15523, 'MABINI', NULL, NULL, NULL, NULL, NULL, NULL),
(1, 155, 15524, 'MALASIQUI', NULL, NULL, NULL, NULL, NULL, NULL),
(1, 155, 15525, 'MANAOAG', NULL, NULL, NULL, NULL, NULL, NULL),
(1, 155, 15526, 'MANGALDAN', NULL, NULL, NULL, NULL, NULL, NULL),
(1, 155, 15527, 'MANGATAREM', NULL, NULL, NULL, NULL, NULL, NULL),
(1, 155, 15528, 'MAPANDAN', NULL, NULL, NULL, NULL, NULL, NULL),
(1, 155, 15529, 'NATIVIDAD', NULL, NULL, NULL, NULL, NULL, NULL),
(1, 155, 15530, 'POZZORUBIO', NULL, NULL, NULL, NULL, NULL, NULL),
(1, 155, 15531, 'ROSALES', NULL, NULL, NULL, NULL, NULL, NULL),
(1, 155, 15532, 'SAN CARLOS CITY', NULL, NULL, NULL, NULL, NULL, NULL),
(1, 155, 15533, 'SAN FABIAN', NULL, NULL, NULL, NULL, NULL, NULL),
(1, 155, 15534, 'SAN JACINTO', NULL, NULL, NULL, NULL, NULL, NULL),
(1, 155, 15535, 'SAN MANUEL', NULL, NULL, NULL, NULL, NULL, NULL),
(1, 155, 15536, 'SAN NICOLAS', NULL, NULL, NULL, NULL, NULL, NULL),
(1, 155, 15537, 'SAN QUINTIN', NULL, NULL, NULL, NULL, NULL, NULL),
(1, 155, 15538, 'SANTA BARBARA', NULL, NULL, NULL, NULL, NULL, NULL),
(1, 155, 15539, 'SANTA MARIA', NULL, NULL, NULL, NULL, NULL, NULL),
(1, 155, 15540, 'SANTO TOMAS', NULL, NULL, NULL, NULL, NULL, NULL),
(1, 155, 15541, 'SISON', NULL, NULL, NULL, NULL, NULL, NULL),
(1, 155, 15542, 'SUAL', NULL, NULL, NULL, NULL, NULL, NULL),
(1, 155, 15543, 'TAYUG', NULL, NULL, NULL, NULL, NULL, NULL),
(1, 155, 15544, 'UMINGAN', NULL, NULL, NULL, NULL, NULL, NULL),
(1, 155, 15545, 'URBIZTONDO', NULL, NULL, NULL, NULL, NULL, NULL),
(1, 155, 15546, 'CITY OF URDANETA', NULL, NULL, NULL, NULL, NULL, NULL),
(1, 155, 15547, 'VILLASIS', NULL, NULL, NULL, NULL, NULL, NULL),
(1, 155, 15548, 'LAOAC', NULL, NULL, NULL, NULL, NULL, NULL),
(2, 209, 20901, 'BASCO (Capital)', NULL, NULL, NULL, NULL, NULL, NULL),
(2, 209, 20902, 'ITBAYAT', NULL, NULL, NULL, NULL, NULL, NULL),
(2, 209, 20903, 'IVANA', NULL, NULL, NULL, NULL, NULL, NULL),
(2, 209, 20904, 'MAHATAO', NULL, NULL, NULL, NULL, NULL, NULL),
(2, 209, 20905, 'SABTANG', NULL, NULL, NULL, NULL, NULL, NULL),
(2, 209, 20906, 'UYUGAN', NULL, NULL, NULL, NULL, NULL, NULL),
(2, 215, 21501, 'ABULUG', NULL, NULL, NULL, NULL, NULL, NULL),
(2, 215, 21502, 'ALCALA', NULL, NULL, NULL, NULL, NULL, NULL),
(2, 215, 21503, 'ALLACAPAN', NULL, NULL, NULL, NULL, NULL, NULL),
(2, 215, 21504, 'AMULUNG', NULL, NULL, NULL, NULL, NULL, NULL),
(2, 215, 21505, 'APARRI', NULL, NULL, NULL, NULL, NULL, NULL),
(2, 215, 21506, 'BAGGAO', NULL, NULL, NULL, NULL, NULL, NULL),
(2, 215, 21507, 'BALLESTEROS', NULL, NULL, NULL, NULL, NULL, NULL),
(2, 215, 21508, 'BUGUEY', NULL, NULL, NULL, NULL, NULL, NULL),
(2, 215, 21509, 'CALAYAN', NULL, NULL, NULL, NULL, NULL, NULL),
(2, 215, 21510, 'CAMALANIUGAN', NULL, NULL, NULL, NULL, NULL, NULL),
(2, 215, 21511, 'CLAVERIA', NULL, NULL, NULL, NULL, NULL, NULL),
(2, 215, 21512, 'ENRILE', NULL, NULL, NULL, NULL, NULL, NULL),
(2, 215, 21513, 'GATTARAN', NULL, NULL, NULL, NULL, NULL, NULL),
(2, 215, 21514, 'GONZAGA', NULL, NULL, NULL, NULL, NULL, NULL),
(2, 215, 21515, 'IGUIG', NULL, NULL, NULL, NULL, NULL, NULL),
(2, 215, 21516, 'LAL-LO', NULL, NULL, NULL, NULL, NULL, NULL),
(2, 215, 21517, 'LASAM', NULL, NULL, NULL, NULL, NULL, NULL),
(2, 215, 21518, 'PAMPLONA', NULL, NULL, NULL, NULL, NULL, NULL),
(2, 215, 21519, 'PE?ABLANCA', NULL, NULL, NULL, NULL, NULL, NULL),
(2, 215, 21520, 'PIAT', NULL, NULL, NULL, NULL, NULL, NULL),
(2, 215, 21521, 'RIZAL', NULL, NULL, NULL, NULL, NULL, NULL),
(2, 215, 21522, 'SANCHEZ-MIRA', NULL, NULL, NULL, NULL, NULL, NULL),
(2, 215, 21523, 'SANTA ANA', NULL, NULL, NULL, NULL, NULL, NULL),
(2, 215, 21524, 'SANTA PRAXEDES', NULL, NULL, NULL, NULL, NULL, NULL),
(2, 215, 21525, 'SANTA TERESITA', NULL, NULL, NULL, NULL, NULL, NULL),
(2, 215, 21526, 'SANTO NI?O (FAIRE)', NULL, NULL, NULL, NULL, NULL, NULL),
(2, 215, 21527, 'SOLANA', NULL, NULL, NULL, NULL, NULL, NULL),
(2, 215, 21528, 'TUAO', NULL, NULL, NULL, NULL, NULL, NULL),
(2, 215, 21529, 'TUGUEGARAO CITY(Capital)', NULL, NULL, NULL, NULL, NULL, NULL),
(2, 231, 23101, 'ALICIA', NULL, NULL, NULL, NULL, NULL, NULL),
(2, 231, 23102, 'ANGADANAN', NULL, NULL, NULL, NULL, NULL, NULL),
(2, 231, 23103, 'AURORA', NULL, NULL, NULL, NULL, NULL, NULL),
(2, 231, 23104, 'BENITO SOLIVEN', NULL, NULL, NULL, NULL, NULL, NULL),
(2, 231, 23105, 'BURGOS', NULL, NULL, NULL, NULL, NULL, NULL),
(2, 231, 23106, 'CABAGAN', NULL, NULL, NULL, NULL, NULL, NULL),
(2, 231, 23107, 'CABATUAN', NULL, NULL, NULL, NULL, NULL, NULL),
(2, 231, 23108, 'CITY OF CAUAYAN', NULL, NULL, NULL, NULL, NULL, NULL),
(2, 231, 23109, 'CORDON', NULL, NULL, NULL, NULL, NULL, NULL),
(2, 231, 23110, 'DINAPIGUE', NULL, NULL, NULL, NULL, NULL, NULL),
(2, 231, 23111, 'DIVILICAN', NULL, NULL, NULL, NULL, NULL, NULL),
(2, 231, 23112, 'ECHAGUE', NULL, NULL, NULL, NULL, NULL, NULL),
(2, 231, 23113, 'GAMU', NULL, NULL, NULL, NULL, NULL, NULL),
(2, 231, 23114, 'ILAGAN (Capital)', NULL, NULL, NULL, NULL, NULL, NULL),
(2, 231, 23115, 'JONES', NULL, NULL, NULL, NULL, NULL, NULL),
(2, 231, 23116, 'LUNA', NULL, NULL, NULL, NULL, NULL, NULL),
(2, 231, 23117, 'MACONACON', NULL, NULL, NULL, NULL, NULL, NULL),
(2, 231, 23118, 'DELFIN ALBANO (MAGSAYSAY)', NULL, NULL, NULL, NULL, NULL, NULL),
(2, 231, 23119, 'MALLIG', NULL, NULL, NULL, NULL, NULL, NULL),
(2, 231, 23120, 'NAGUILIAN', NULL, NULL, NULL, NULL, NULL, NULL),
(2, 231, 23121, 'PALANAN', NULL, NULL, NULL, NULL, NULL, NULL),
(2, 231, 23122, 'QUEZON', NULL, NULL, NULL, NULL, NULL, NULL),
(2, 231, 23123, 'QUIRINO', NULL, NULL, NULL, NULL, NULL, NULL),
(2, 231, 23124, 'RAMON', NULL, NULL, NULL, NULL, NULL, NULL),
(2, 231, 23125, 'REINA MERCEDES', NULL, NULL, NULL, NULL, NULL, NULL),
(2, 231, 23126, 'ROXAS', NULL, NULL, NULL, NULL, NULL, NULL),
(2, 231, 23127, 'SAN AGUSTIN', NULL, NULL, NULL, NULL, NULL, NULL),
(2, 231, 23128, 'SAN GUILLERMO', NULL, NULL, NULL, NULL, NULL, NULL),
(2, 231, 23129, 'SAN ISIDRO', NULL, NULL, NULL, NULL, NULL, NULL),
(2, 231, 23130, 'SAN MANUEL', NULL, NULL, NULL, NULL, NULL, NULL),
(2, 231, 23131, 'SAN MARIANO', NULL, NULL, NULL, NULL, NULL, NULL),
(2, 231, 23132, 'SAN MATEO', NULL, NULL, NULL, NULL, NULL, NULL),
(2, 231, 23133, 'SAN PABLO', NULL, NULL, NULL, NULL, NULL, NULL),
(2, 231, 23134, 'SANTA MARIA', NULL, NULL, NULL, NULL, NULL, NULL),
(2, 231, 23135, 'CITY OF SANTIAGO', NULL, NULL, NULL, NULL, NULL, NULL),
(2, 231, 23136, 'SANTO TOMAS', NULL, NULL, NULL, NULL, NULL, NULL),
(2, 231, 23137, 'TUMAUINI', NULL, NULL, NULL, NULL, NULL, NULL),
(2, 250, 25001, 'AMBAGUIO', NULL, NULL, NULL, NULL, NULL, NULL),
(2, 250, 25002, 'ARITAO', NULL, NULL, NULL, NULL, NULL, NULL),
(2, 250, 25003, 'BAGABAG', NULL, NULL, NULL, NULL, NULL, NULL),
(2, 250, 25004, 'BAMBANG', NULL, NULL, NULL, NULL, NULL, NULL),
(2, 250, 25005, 'BAYOMBONG (Capital)', NULL, NULL, NULL, NULL, NULL, NULL),
(2, 250, 25006, 'DIADI', NULL, NULL, NULL, NULL, NULL, NULL),
(2, 250, 25007, 'DUPAX DEL NORTE', NULL, NULL, NULL, NULL, NULL, NULL),
(2, 250, 25008, 'DUPAX DEL SUR', NULL, NULL, NULL, NULL, NULL, NULL),
(2, 250, 25009, 'KASIBU', NULL, NULL, NULL, NULL, NULL, NULL),
(2, 250, 25010, 'KAYAPA', NULL, NULL, NULL, NULL, NULL, NULL),
(2, 250, 25011, 'QUEZON', NULL, NULL, NULL, NULL, NULL, NULL),
(2, 250, 25012, 'SANTA FE', NULL, NULL, NULL, NULL, NULL, NULL),
(2, 250, 25013, 'SOLANO', NULL, NULL, NULL, NULL, NULL, NULL),
(2, 250, 25014, 'VILLAVERDE', NULL, NULL, NULL, NULL, NULL, NULL),
(2, 250, 25015, 'ALFONSO CASTA?EDA', NULL, NULL, NULL, NULL, NULL, NULL),
(2, 257, 25701, 'AGLIPAY', NULL, NULL, NULL, NULL, NULL, NULL),
(2, 257, 25702, 'CABARROGUIS (Capital)', NULL, NULL, NULL, NULL, NULL, NULL),
(2, 257, 25703, 'DIFFUN', NULL, NULL, NULL, NULL, NULL, NULL),
(2, 257, 25704, 'MADDELA', NULL, NULL, NULL, NULL, NULL, NULL),
(2, 257, 25705, 'SAGUDAY', NULL, NULL, NULL, NULL, NULL, NULL),
(2, 257, 25706, 'NAGTIPUNAN', NULL, NULL, NULL, NULL, NULL, NULL),
(3, 308, 30801, 'ABUCAY', NULL, NULL, NULL, NULL, NULL, NULL),
(3, 308, 30802, 'BAGAC', NULL, NULL, NULL, NULL, NULL, NULL),
(3, 308, 30803, 'CITY OF BALANGA (Capital)', NULL, NULL, NULL, NULL, NULL, NULL),
(3, 308, 30804, 'DINALUPIHAN', NULL, NULL, NULL, NULL, NULL, NULL),
(3, 308, 30805, 'HERMOSA', NULL, NULL, NULL, NULL, NULL, NULL),
(3, 308, 30806, 'LIMAY', NULL, NULL, NULL, NULL, NULL, NULL),
(3, 308, 30807, 'MARIVELES', NULL, NULL, NULL, NULL, NULL, NULL),
(3, 308, 30808, 'MORONG', NULL, NULL, NULL, NULL, NULL, NULL),
(3, 308, 30809, 'ORANI', NULL, NULL, NULL, NULL, NULL, NULL),
(3, 308, 30810, 'ORION', NULL, NULL, NULL, NULL, NULL, NULL),
(3, 308, 30811, 'PILAR', NULL, NULL, NULL, NULL, NULL, NULL),
(3, 308, 30812, 'SAMAL', NULL, NULL, NULL, NULL, NULL, NULL),
(3, 314, 31401, 'ANGAT', NULL, NULL, NULL, NULL, NULL, NULL),
(3, 314, 31402, 'BALAGTAS (BIGAA)', NULL, NULL, NULL, NULL, NULL, NULL),
(3, 314, 31403, 'BALIUAG', NULL, NULL, NULL, NULL, NULL, NULL),
(3, 314, 31404, 'BOCAUE', NULL, NULL, NULL, NULL, NULL, NULL),
(3, 314, 31405, 'BULACAN', NULL, NULL, NULL, NULL, NULL, NULL),
(3, 314, 31406, 'BUSTOS', NULL, NULL, NULL, NULL, NULL, NULL),
(3, 314, 31407, 'CALUMPIT', NULL, NULL, NULL, NULL, NULL, NULL),
(3, 314, 31408, 'GUIGUINTO', NULL, NULL, NULL, NULL, NULL, NULL),
(3, 314, 31409, 'HAGONOY', NULL, NULL, NULL, NULL, NULL, NULL),
(3, 314, 31410, 'CITY OF MALOLOS  (Capital)', NULL, NULL, NULL, NULL, NULL, NULL),
(3, 314, 31411, 'MARILAO', NULL, NULL, NULL, NULL, NULL, NULL),
(3, 314, 31412, 'MEYCAUAYAN', NULL, NULL, NULL, NULL, NULL, NULL),
(3, 314, 31413, 'NORZAGARAY', NULL, NULL, NULL, NULL, NULL, NULL),
(3, 314, 31414, 'OBANDO', NULL, NULL, NULL, NULL, NULL, NULL),
(3, 314, 31415, 'PANDI', NULL, NULL, NULL, NULL, NULL, NULL),
(3, 314, 31416, 'PAOMBONG', NULL, NULL, NULL, NULL, NULL, NULL),
(3, 314, 31417, 'PLARIDEL', NULL, NULL, NULL, NULL, NULL, NULL),
(3, 314, 31418, 'PULILAN', NULL, NULL, NULL, NULL, NULL, NULL),
(3, 314, 31419, 'SAN ILDEFONSO', NULL, NULL, NULL, NULL, NULL, NULL),
(3, 314, 31420, 'CITY OF SAN JOSE DEL MONTE', NULL, NULL, NULL, NULL, NULL, NULL),
(3, 314, 31421, 'SAN MIGUEL', NULL, NULL, NULL, NULL, NULL, NULL),
(3, 314, 31422, 'SAN RAFAEL', NULL, NULL, NULL, NULL, NULL, NULL),
(3, 314, 31423, 'SANTA MARIA', NULL, NULL, NULL, NULL, NULL, NULL),
(3, 314, 31424, 'DO?A REMEDIOS TRINIDAD', NULL, NULL, NULL, NULL, NULL, NULL),
(3, 349, 34901, 'ALIAGA', NULL, NULL, NULL, NULL, NULL, NULL),
(3, 349, 34902, 'BONGABON', NULL, NULL, NULL, NULL, NULL, NULL),
(3, 349, 34903, 'CABANATUAN CITY', NULL, NULL, NULL, NULL, NULL, NULL),
(3, 349, 34904, 'CABIAO', NULL, NULL, NULL, NULL, NULL, NULL),
(3, 349, 34905, 'CARRANGLAN', NULL, NULL, NULL, NULL, NULL, NULL),
(3, 349, 34906, 'CUYAPO', NULL, NULL, NULL, NULL, NULL, NULL),
(3, 349, 34907, 'GABALDON (BITULOK & SABANI)', NULL, NULL, NULL, NULL, NULL, NULL),
(3, 349, 34908, 'CITY OF GAPAN', NULL, NULL, NULL, NULL, NULL, NULL),
(3, 349, 34909, 'GENERAL MAMERTO NATIVIDAD', NULL, NULL, NULL, NULL, NULL, NULL),
(3, 349, 34910, 'GENERAL TINIO (PAPAYA)', NULL, NULL, NULL, NULL, NULL, NULL),
(3, 349, 34911, 'GUIMBA', NULL, NULL, NULL, NULL, NULL, NULL),
(3, 349, 34912, 'JAEN', NULL, NULL, NULL, NULL, NULL, NULL),
(3, 349, 34913, 'LAUR', NULL, NULL, NULL, NULL, NULL, NULL),
(3, 349, 34914, 'LICAB', NULL, NULL, NULL, NULL, NULL, NULL),
(3, 349, 34915, 'LLANERA', NULL, NULL, NULL, NULL, NULL, NULL),
(3, 349, 34916, 'LUPAO', NULL, NULL, NULL, NULL, NULL, NULL),
(3, 349, 34917, 'SCIENCE CITY OF MU?OZ', NULL, NULL, NULL, NULL, NULL, NULL),
(3, 349, 34918, 'NAMPICUAN', NULL, NULL, NULL, NULL, NULL, NULL),
(3, 349, 34919, 'PALAYAN CITY (Capital)', NULL, NULL, NULL, NULL, NULL, NULL),
(3, 349, 34920, 'PANTABANGAN', NULL, NULL, NULL, NULL, NULL, NULL),
(3, 349, 34921, 'PE?ARANDA', NULL, NULL, NULL, NULL, NULL, NULL),
(3, 349, 34922, 'QUEZON', NULL, NULL, NULL, NULL, NULL, NULL),
(3, 349, 34923, 'RIZAL', NULL, NULL, NULL, NULL, NULL, NULL),
(3, 349, 34924, 'SAN ANTONIO', NULL, NULL, NULL, NULL, NULL, NULL),
(3, 349, 34925, 'SAN ISIDRO', NULL, NULL, NULL, NULL, NULL, NULL),
(3, 349, 34926, 'SAN JOSE CITY', NULL, NULL, NULL, NULL, NULL, NULL),
(3, 349, 34927, 'SAN LEONARDO', NULL, NULL, NULL, NULL, NULL, NULL),
(3, 349, 34928, 'SANTA ROSA', NULL, NULL, NULL, NULL, NULL, NULL),
(3, 349, 34929, 'SANTO DOMINGO', NULL, NULL, NULL, NULL, NULL, NULL),
(3, 349, 34930, 'TALAVERA', NULL, NULL, NULL, NULL, NULL, NULL),
(3, 349, 34931, 'TALUGTUG', NULL, NULL, NULL, NULL, NULL, NULL),
(3, 349, 34932, 'ZARAGOZA', NULL, NULL, NULL, NULL, NULL, NULL),
(3, 354, 35401, 'ANGELES CITY', NULL, NULL, NULL, NULL, NULL, NULL),
(3, 354, 35402, 'APALIT', NULL, NULL, NULL, NULL, NULL, NULL),
(3, 354, 35403, 'ARAYAT', NULL, NULL, NULL, NULL, NULL, NULL),
(3, 354, 35404, 'BACOLOR', NULL, NULL, NULL, NULL, NULL, NULL),
(3, 354, 35405, 'CANDABA', NULL, NULL, NULL, NULL, NULL, NULL),
(3, 354, 35406, 'FLORIDABLANCA', NULL, NULL, NULL, NULL, NULL, NULL),
(3, 354, 35407, 'GUAGUA', NULL, NULL, NULL, NULL, NULL, NULL),
(3, 354, 35408, 'LUBAO', NULL, NULL, NULL, NULL, NULL, NULL),
(3, 354, 35409, 'MABALACAT', NULL, NULL, NULL, NULL, NULL, NULL),
(3, 354, 35410, 'MACABEBE', NULL, NULL, NULL, NULL, NULL, NULL),
(3, 354, 35411, 'MAGALANG', NULL, NULL, NULL, NULL, NULL, NULL),
(3, 354, 35412, 'MASANTOL', NULL, NULL, NULL, NULL, NULL, NULL),
(3, 354, 35413, 'MEXICO', NULL, NULL, NULL, NULL, NULL, NULL),
(3, 354, 35414, 'MINALIN', NULL, NULL, NULL, NULL, NULL, NULL),
(3, 354, 35415, 'PORAC', NULL, NULL, NULL, NULL, NULL, NULL),
(3, 354, 35416, 'CITY OF SAN FERNANDO (Capital)', NULL, NULL, NULL, NULL, NULL, NULL),
(3, 354, 35417, 'SAN LUIS', NULL, NULL, NULL, NULL, NULL, NULL),
(3, 354, 35418, 'SAN SIMON', NULL, NULL, NULL, NULL, NULL, NULL),
(3, 354, 35419, 'SANTA ANA', NULL, NULL, NULL, NULL, NULL, NULL),
(3, 354, 35420, 'SANTA RITA', NULL, NULL, NULL, NULL, NULL, NULL),
(3, 354, 35421, 'SANTO TOMAS', NULL, NULL, NULL, NULL, NULL, NULL),
(3, 354, 35422, 'SASMUAN (SEXMOAN)', NULL, NULL, NULL, NULL, NULL, NULL),
(3, 369, 36901, 'ANAO', NULL, NULL, NULL, NULL, NULL, NULL),
(3, 369, 36902, 'BAMBAN', NULL, NULL, NULL, NULL, NULL, NULL),
(3, 369, 36903, 'CAMILING', NULL, NULL, NULL, NULL, NULL, NULL),
(3, 369, 36904, 'CAPAS', NULL, NULL, NULL, NULL, NULL, NULL),
(3, 369, 36905, 'CONCEPCION', NULL, NULL, NULL, NULL, NULL, NULL),
(3, 369, 36906, 'GERONA', NULL, NULL, NULL, NULL, NULL, NULL),
(3, 369, 36907, 'LA PAZ', NULL, NULL, NULL, NULL, NULL, NULL),
(3, 369, 36908, 'MAYANTOC', NULL, NULL, NULL, NULL, NULL, NULL),
(3, 369, 36909, 'MONCADA', NULL, NULL, NULL, NULL, NULL, NULL),
(3, 369, 36910, 'PANIQUI', NULL, NULL, NULL, NULL, NULL, NULL),
(3, 369, 36911, 'PURA', NULL, NULL, NULL, NULL, NULL, NULL),
(3, 369, 36912, 'RAMOS', NULL, NULL, NULL, NULL, NULL, NULL),
(3, 369, 36913, 'SAN CLEMENTE', NULL, NULL, NULL, NULL, NULL, NULL),
(3, 369, 36914, 'SAN MANUEL', NULL, NULL, NULL, NULL, NULL, NULL),
(3, 369, 36915, 'SANTA IGNACIA', NULL, NULL, NULL, NULL, NULL, NULL),
(3, 369, 36916, 'CITY OF TARLAC (Capital)', NULL, NULL, NULL, NULL, NULL, NULL),
(3, 369, 36917, 'VICTORIA', NULL, NULL, NULL, NULL, NULL, NULL),
(3, 369, 36918, 'SAN JOSE', NULL, NULL, NULL, NULL, NULL, NULL),
(3, 371, 37101, 'BOTOLAN', NULL, NULL, NULL, NULL, NULL, NULL),
(3, 371, 37102, 'CABANGAN', NULL, NULL, NULL, NULL, NULL, NULL),
(3, 371, 37103, 'CANDELARIA', NULL, NULL, NULL, NULL, NULL, NULL),
(3, 371, 37104, 'CASTILLEJOS', NULL, NULL, NULL, NULL, NULL, NULL),
(3, 371, 37105, 'IBA (Capital)', NULL, NULL, NULL, NULL, NULL, NULL),
(3, 371, 37106, 'MASINLOC', NULL, NULL, NULL, NULL, NULL, NULL),
(3, 371, 37107, 'OLONGAPO CITY', NULL, NULL, NULL, NULL, NULL, NULL),
(3, 371, 37108, 'PALAUIG', NULL, NULL, NULL, NULL, NULL, NULL),
(3, 371, 37109, 'SAN ANTONIO', NULL, NULL, NULL, NULL, NULL, NULL),
(3, 371, 37110, 'SAN FELIPE', NULL, NULL, NULL, NULL, NULL, NULL),
(3, 371, 37111, 'SAN MARCELINO', NULL, NULL, NULL, NULL, NULL, NULL),
(3, 371, 37112, 'SAN NARCISO', NULL, NULL, NULL, NULL, NULL, NULL),
(3, 371, 37113, 'SANTA CRUZ', NULL, NULL, NULL, NULL, NULL, NULL),
(3, 371, 37114, 'SUBIC', NULL, NULL, NULL, NULL, NULL, NULL),
(3, 377, 37701, 'BALER  (Capital)', NULL, NULL, NULL, NULL, NULL, NULL),
(3, 377, 37702, 'CASIGURAN', NULL, NULL, NULL, NULL, NULL, NULL),
(3, 377, 37703, 'DILASAG', NULL, NULL, NULL, NULL, NULL, NULL),
(3, 377, 37704, 'DINALUNGAN', NULL, NULL, NULL, NULL, NULL, NULL),
(3, 377, 37705, 'DINGALAN', NULL, NULL, NULL, NULL, NULL, NULL),
(3, 377, 37706, 'DIPACULAO', NULL, NULL, NULL, NULL, NULL, NULL),
(3, 377, 37707, 'MARIA AURORA', NULL, NULL, NULL, NULL, NULL, NULL),
(3, 377, 37708, 'SAN LUIS', NULL, NULL, NULL, NULL, NULL, NULL),
(4, 410, 41001, 'AGONCILLO', NULL, NULL, NULL, NULL, NULL, NULL),
(4, 410, 41002, 'ALITAGTAG', NULL, NULL, NULL, NULL, NULL, NULL),
(4, 410, 41003, 'BALAYAN', NULL, NULL, NULL, NULL, NULL, NULL),
(4, 410, 41004, 'BALETE', NULL, NULL, NULL, NULL, NULL, NULL),
(4, 410, 41005, 'BATANGAS CITY (Capital)', NULL, NULL, NULL, NULL, NULL, NULL),
(4, 410, 41006, 'BAUAN', NULL, NULL, NULL, NULL, NULL, NULL),
(4, 410, 41007, 'CALACA', NULL, NULL, NULL, NULL, NULL, NULL),
(4, 410, 41008, 'CALATAGAN', NULL, NULL, NULL, NULL, NULL, NULL),
(4, 410, 41009, 'CUENCA', NULL, NULL, NULL, NULL, NULL, NULL),
(4, 410, 41010, 'IBAAN', NULL, NULL, NULL, NULL, NULL, NULL),
(4, 410, 41011, 'LAUREL', NULL, NULL, NULL, NULL, NULL, NULL),
(4, 410, 41012, 'LEMERY', NULL, NULL, NULL, NULL, NULL, NULL),
(4, 410, 41013, 'LIAN', NULL, NULL, NULL, NULL, NULL, NULL),
(4, 410, 41014, 'LIPA CITY', NULL, NULL, NULL, NULL, NULL, NULL),
(4, 410, 41015, 'LOBO', NULL, NULL, NULL, NULL, NULL, NULL),
(4, 410, 41016, 'MABINI', NULL, NULL, NULL, NULL, NULL, NULL),
(4, 410, 41017, 'MALVAR', NULL, NULL, NULL, NULL, NULL, NULL),
(4, 410, 41018, 'MATAAS NA KAHOY', NULL, NULL, NULL, NULL, NULL, NULL),
(4, 410, 41019, 'NASUGBU', NULL, NULL, NULL, NULL, NULL, NULL),
(4, 410, 41020, 'PADRE GARCIA', NULL, NULL, NULL, NULL, NULL, NULL),
(4, 410, 41021, 'ROSARIO', NULL, NULL, NULL, NULL, NULL, NULL),
(4, 410, 41022, 'SAN JOSE', NULL, NULL, NULL, NULL, NULL, NULL),
(4, 410, 41023, 'SAN JUAN', NULL, NULL, NULL, NULL, NULL, NULL),
(4, 410, 41024, 'SAN LUIS', NULL, NULL, NULL, NULL, NULL, NULL),
(4, 410, 41025, 'SAN NICOLAS', NULL, NULL, NULL, NULL, NULL, NULL),
(4, 410, 41026, 'SAN PASCUAL', NULL, NULL, NULL, NULL, NULL, NULL),
(4, 410, 41027, 'SANTA TERESITA', NULL, NULL, NULL, NULL, NULL, NULL),
(4, 410, 41028, 'SANTO TOMAS', NULL, NULL, NULL, NULL, NULL, NULL),
(4, 410, 41029, 'TAAL', NULL, NULL, NULL, NULL, NULL, NULL),
(4, 410, 41030, 'TALISAY', NULL, NULL, NULL, NULL, NULL, NULL),
(4, 410, 41031, 'CITY OF TANAUAN', NULL, NULL, NULL, NULL, NULL, NULL),
(4, 410, 41032, 'TAYSAN', NULL, NULL, NULL, NULL, NULL, NULL),
(4, 410, 41033, 'TINGLOY', NULL, NULL, NULL, NULL, NULL, NULL),
(4, 410, 41034, 'TUY', NULL, NULL, NULL, NULL, NULL, NULL),
(4, 421, 42101, 'ALFONSO', NULL, NULL, NULL, NULL, NULL, NULL),
(4, 421, 42102, 'AMADEO', NULL, NULL, NULL, NULL, NULL, NULL),
(4, 421, 42103, 'BACOOR', NULL, NULL, NULL, NULL, NULL, NULL),
(4, 421, 42104, 'CARMONA', NULL, NULL, NULL, NULL, NULL, NULL),
(4, 421, 42105, 'CAVITE CITY', NULL, NULL, NULL, NULL, NULL, NULL),
(4, 421, 42106, 'DASMARI?AS', NULL, NULL, NULL, NULL, NULL, NULL),
(4, 421, 42107, 'GENERAL EMILIO AGUINALDO', NULL, NULL, NULL, NULL, NULL, NULL),
(4, 421, 42108, 'GENERAL TRIAS', NULL, NULL, NULL, NULL, NULL, NULL),
(4, 421, 42109, 'IMUS', NULL, NULL, NULL, NULL, NULL, NULL),
(4, 421, 42110, 'INDANG', NULL, NULL, NULL, NULL, NULL, NULL),
(4, 421, 42111, 'KAWIT', NULL, NULL, NULL, NULL, NULL, NULL),
(4, 421, 42112, 'MAGALLANES', NULL, NULL, NULL, NULL, NULL, NULL),
(4, 421, 42113, 'MARAGONDON', NULL, NULL, NULL, NULL, NULL, NULL),
(4, 421, 42114, 'MENDEZ (MENDEZ-NU?EZ)', NULL, NULL, NULL, NULL, NULL, NULL),
(4, 421, 42115, 'NAIC', NULL, NULL, NULL, NULL, NULL, NULL),
(4, 421, 42116, 'NOVELETA', NULL, NULL, NULL, NULL, NULL, NULL),
(4, 421, 42117, 'ROSARIO', NULL, NULL, NULL, NULL, NULL, NULL),
(4, 421, 42118, 'SILANG', NULL, NULL, NULL, NULL, NULL, NULL),
(4, 421, 42119, 'TAGAYTAY CITY', NULL, NULL, NULL, NULL, NULL, NULL),
(4, 421, 42120, 'TANZA', NULL, NULL, NULL, NULL, NULL, NULL),
(4, 421, 42121, 'TERNATE', NULL, NULL, NULL, NULL, NULL, NULL),
(4, 421, 42122, 'TRECE MARTIRES CITY (Capital)', NULL, NULL, NULL, NULL, NULL, NULL),
(4, 421, 42123, 'GEN. MARIANO ALVAREZ', NULL, NULL, NULL, NULL, NULL, NULL),
(4, 434, 43401, 'ALAMINOS', NULL, NULL, NULL, NULL, NULL, NULL),
(4, 434, 43402, 'BAY', NULL, NULL, NULL, NULL, NULL, NULL),
(4, 434, 43403, 'BI?AN', NULL, NULL, NULL, NULL, NULL, NULL),
(4, 434, 43404, 'CABUYAO', NULL, NULL, NULL, NULL, NULL, NULL),
(4, 434, 43405, 'CITY OF CALAMBA', NULL, NULL, NULL, NULL, NULL, NULL),
(4, 434, 43406, 'CALAUAN', NULL, NULL, NULL, NULL, NULL, NULL),
(4, 434, 43407, 'CAVINTI', NULL, NULL, NULL, NULL, NULL, NULL),
(4, 434, 43408, 'FAMY', NULL, NULL, NULL, NULL, NULL, NULL),
(4, 434, 43409, 'KALAYAAN', NULL, NULL, NULL, NULL, NULL, NULL),
(4, 434, 43410, 'LILIW', NULL, NULL, NULL, NULL, NULL, NULL),
(4, 434, 43411, 'LOS BA?OS', NULL, NULL, NULL, NULL, NULL, NULL),
(4, 434, 43412, 'LUISIANA', NULL, NULL, NULL, NULL, NULL, NULL),
(4, 434, 43413, 'LUMBAN', NULL, NULL, NULL, NULL, NULL, NULL),
(4, 434, 43414, 'MABITAC', NULL, NULL, NULL, NULL, NULL, NULL),
(4, 434, 43415, 'MAGDALENA', NULL, NULL, NULL, NULL, NULL, NULL),
(4, 434, 43416, 'MAJAYJAY', NULL, NULL, NULL, NULL, NULL, NULL),
(4, 434, 43417, 'NAGCARLAN', NULL, NULL, NULL, NULL, NULL, NULL),
(4, 434, 43418, 'PAETE', NULL, NULL, NULL, NULL, NULL, NULL),
(4, 434, 43419, 'PAGSANJAN', NULL, NULL, NULL, NULL, NULL, NULL),
(4, 434, 43420, 'PAKIL', NULL, NULL, NULL, NULL, NULL, NULL),
(4, 434, 43421, 'PANGIL', NULL, NULL, NULL, NULL, NULL, NULL),
(4, 434, 43422, 'PILA', NULL, NULL, NULL, NULL, NULL, NULL),
(4, 434, 43423, 'RIZAL', NULL, NULL, NULL, NULL, NULL, NULL),
(4, 434, 43424, 'SAN PABLO CITY', NULL, NULL, NULL, NULL, NULL, NULL),
(4, 434, 43425, 'SAN PEDRO', NULL, NULL, NULL, NULL, NULL, NULL),
(4, 434, 43426, 'SANTA CRUZ (Capital)', NULL, NULL, NULL, NULL, NULL, NULL),
(4, 434, 43427, 'SANTA MARIA', NULL, NULL, NULL, NULL, NULL, NULL),
(4, 434, 43428, 'SANTA ROSA', NULL, NULL, NULL, NULL, NULL, NULL),
(4, 434, 43429, 'SINILOAN', NULL, NULL, NULL, NULL, NULL, NULL),
(4, 434, 43430, 'VICTORIA', NULL, NULL, NULL, NULL, NULL, NULL),
(4, 456, 45601, 'AGDANGAN', NULL, NULL, NULL, NULL, NULL, NULL),
(4, 456, 45602, 'ALABAT', NULL, NULL, NULL, NULL, NULL, NULL),
(4, 456, 45603, 'ATIMONAN', NULL, NULL, NULL, NULL, NULL, NULL),
(4, 456, 45605, 'BUENAVISTA', NULL, NULL, NULL, NULL, NULL, NULL),
(4, 456, 45606, 'BURDEOS', NULL, NULL, NULL, NULL, NULL, NULL),
(4, 456, 45607, 'CALAUAG', NULL, NULL, NULL, NULL, NULL, NULL),
(4, 456, 45608, 'CANDELARIA', NULL, NULL, NULL, NULL, NULL, NULL),
(4, 456, 45610, 'CATANAUAN', NULL, NULL, NULL, NULL, NULL, NULL),
(4, 456, 45615, 'DOLORES', NULL, NULL, NULL, NULL, NULL, NULL),
(4, 456, 45616, 'GENERAL LUNA', NULL, NULL, NULL, NULL, NULL, NULL),
(4, 456, 45617, 'GENERAL NAKAR', NULL, NULL, NULL, NULL, NULL, NULL),
(4, 456, 45618, 'GUINAYANGAN', NULL, NULL, NULL, NULL, NULL, NULL),
(4, 456, 45619, 'GUMACA', NULL, NULL, NULL, NULL, NULL, NULL),
(4, 456, 45620, 'INFANTA', NULL, NULL, NULL, NULL, NULL, NULL),
(4, 456, 45621, 'JOMALIG', NULL, NULL, NULL, NULL, NULL, NULL),
(4, 456, 45622, 'LOPEZ', NULL, NULL, NULL, NULL, NULL, NULL),
(4, 456, 45623, 'LUCBAN', NULL, NULL, NULL, NULL, NULL, NULL),
(4, 456, 45624, 'LUCENA CITY (Capital)', NULL, NULL, NULL, NULL, NULL, NULL),
(4, 456, 45625, 'MACALELON', NULL, NULL, NULL, NULL, NULL, NULL),
(4, 456, 45627, 'MAUBAN', NULL, NULL, NULL, NULL, NULL, NULL),
(4, 456, 45628, 'MULANAY', NULL, NULL, NULL, NULL, NULL, NULL),
(4, 456, 45629, 'PADRE BURGOS', NULL, NULL, NULL, NULL, NULL, NULL),
(4, 456, 45630, 'PAGBILAO', NULL, NULL, NULL, NULL, NULL, NULL),
(4, 456, 45631, 'PANUKULAN', NULL, NULL, NULL, NULL, NULL, NULL),
(4, 456, 45632, 'PATNANUNGAN', NULL, NULL, NULL, NULL, NULL, NULL),
(4, 456, 45633, 'PEREZ', NULL, NULL, NULL, NULL, NULL, NULL),
(4, 456, 45634, 'PITOGO', NULL, NULL, NULL, NULL, NULL, NULL),
(4, 456, 45635, 'PLARIDEL', NULL, NULL, NULL, NULL, NULL, NULL),
(4, 456, 45636, 'POLILLO', NULL, NULL, NULL, NULL, NULL, NULL),
(4, 456, 45637, 'QUEZON', NULL, NULL, NULL, NULL, NULL, NULL),
(4, 456, 45638, 'REAL', NULL, NULL, NULL, NULL, NULL, NULL),
(4, 456, 45639, 'SAMPALOC', NULL, NULL, NULL, NULL, NULL, NULL),
(4, 456, 45640, 'SAN ANDRES', NULL, NULL, NULL, NULL, NULL, NULL),
(4, 456, 45641, 'SAN ANTONIO', NULL, NULL, NULL, NULL, NULL, NULL),
(4, 456, 45642, 'SAN FRANCISCO (AURORA)', NULL, NULL, NULL, NULL, NULL, NULL),
(4, 456, 45644, 'SAN NARCISO', NULL, NULL, NULL, NULL, NULL, NULL),
(4, 456, 45645, 'SARIAYA', NULL, NULL, NULL, NULL, NULL, NULL),
(4, 456, 45646, 'TAGKAWAYAN', NULL, NULL, NULL, NULL, NULL, NULL),
(4, 456, 45647, 'TAYABAS', NULL, NULL, NULL, NULL, NULL, NULL),
(4, 456, 45648, 'TIAONG', NULL, NULL, NULL, NULL, NULL, NULL),
(4, 456, 45649, 'UNISAN', NULL, NULL, NULL, NULL, NULL, NULL),
(4, 458, 45801, 'ANGONO', NULL, NULL, NULL, NULL, NULL, NULL),
(4, 458, 45802, 'CITY OF ANTIPOLO', NULL, NULL, NULL, NULL, NULL, NULL),
(4, 458, 45803, 'BARAS', NULL, NULL, NULL, NULL, NULL, NULL),
(4, 458, 45804, 'BINANGONAN', NULL, NULL, NULL, NULL, NULL, NULL),
(4, 458, 45805, 'CAINTA', NULL, NULL, NULL, NULL, NULL, NULL),
(4, 458, 45806, 'CARDONA', NULL, NULL, NULL, NULL, NULL, NULL),
(4, 458, 45807, 'JALA-JALA', NULL, NULL, NULL, NULL, NULL, NULL),
(4, 458, 45808, 'RODRIGUEZ (MONTALBAN)', NULL, NULL, NULL, NULL, NULL, NULL),
(4, 458, 45809, 'MORONG', NULL, NULL, NULL, NULL, NULL, NULL),
(4, 458, 45810, 'PILILLA', NULL, NULL, NULL, NULL, NULL, NULL),
(4, 458, 45811, 'SAN MATEO', NULL, NULL, NULL, NULL, NULL, NULL),
(4, 458, 45812, 'TANAY', NULL, NULL, NULL, NULL, NULL, NULL),
(4, 458, 45813, 'TAYTAY', NULL, NULL, NULL, NULL, NULL, NULL),
(4, 458, 45814, 'TERESA', NULL, NULL, NULL, NULL, NULL, NULL),
(5, 505, 50501, 'BACACAY', NULL, NULL, NULL, NULL, NULL, NULL),
(5, 505, 50502, 'CAMALIG', NULL, NULL, NULL, NULL, NULL, NULL),
(5, 505, 50503, 'DARAGA (LOCSIN)', NULL, NULL, NULL, NULL, NULL, NULL),
(5, 505, 50504, 'GUINOBATAN', NULL, NULL, NULL, NULL, NULL, NULL),
(5, 505, 50505, 'JOVELLAR', NULL, NULL, NULL, NULL, NULL, NULL),
(5, 505, 50506, 'LEGAZPI CITY  (Capital)', NULL, NULL, NULL, NULL, NULL, NULL),
(5, 505, 50507, 'LIBON', NULL, NULL, NULL, NULL, NULL, NULL),
(5, 505, 50508, 'CITY OF LIGAO', NULL, NULL, NULL, NULL, NULL, NULL),
(5, 505, 50509, 'MALILIPOT', NULL, NULL, NULL, NULL, NULL, NULL),
(5, 505, 50510, 'MALINAO', NULL, NULL, NULL, NULL, NULL, NULL),
(5, 505, 50511, 'MANITO', NULL, NULL, NULL, NULL, NULL, NULL),
(5, 505, 50512, 'OAS', NULL, NULL, NULL, NULL, NULL, NULL),
(5, 505, 50513, 'PIO DURAN', NULL, NULL, NULL, NULL, NULL, NULL),
(5, 505, 50514, 'POLANGUI', NULL, NULL, NULL, NULL, NULL, NULL),
(5, 505, 50515, 'RAPU-RAPU', NULL, NULL, NULL, NULL, NULL, NULL),
(5, 505, 50516, 'SANTO DOMINGO (LIBOG)', NULL, NULL, NULL, NULL, NULL, NULL),
(5, 505, 50517, 'CITY OF TABACO', NULL, NULL, NULL, NULL, NULL, NULL),
(5, 505, 50518, 'TIWI', NULL, NULL, NULL, NULL, NULL, NULL),
(5, 516, 51601, 'BASUD', NULL, NULL, NULL, NULL, NULL, NULL),
(5, 516, 51602, 'CAPALONGA', NULL, NULL, NULL, NULL, NULL, NULL),
(5, 516, 51603, 'DAET (Capital)', NULL, NULL, NULL, NULL, NULL, NULL),
(5, 516, 51604, 'SAN LORENZO RUIZ (IMELDA)', NULL, NULL, NULL, NULL, NULL, NULL),
(5, 516, 51605, 'JOSE PANGANIBAN', NULL, NULL, NULL, NULL, NULL, NULL),
(5, 516, 51606, 'LABO', NULL, NULL, NULL, NULL, NULL, NULL),
(5, 516, 51607, 'MERCEDES', NULL, NULL, NULL, NULL, NULL, NULL),
(5, 516, 51608, 'PARACALE', NULL, NULL, NULL, NULL, NULL, NULL),
(5, 516, 51609, 'SAN VICENTE', NULL, NULL, NULL, NULL, NULL, NULL),
(5, 516, 51610, 'SANTA ELENA', NULL, NULL, NULL, NULL, NULL, NULL),
(5, 516, 51611, 'TALISAY', NULL, NULL, NULL, NULL, NULL, NULL),
(5, 516, 51612, 'VINZONS', NULL, NULL, NULL, NULL, NULL, NULL),
(5, 517, 51701, 'BAAO', NULL, NULL, NULL, NULL, NULL, NULL),
(5, 517, 51702, 'BALATAN', NULL, NULL, NULL, NULL, NULL, NULL),
(5, 517, 51703, 'BATO', NULL, NULL, NULL, NULL, NULL, NULL),
(5, 517, 51704, 'BOMBON', NULL, NULL, NULL, NULL, NULL, NULL),
(5, 517, 51705, 'BUHI', NULL, NULL, NULL, NULL, NULL, NULL),
(5, 517, 51706, 'BULA', NULL, NULL, NULL, NULL, NULL, NULL),
(5, 517, 51707, 'CABUSAO', NULL, NULL, NULL, NULL, NULL, NULL),
(5, 517, 51708, 'CALABANGA', NULL, NULL, NULL, NULL, NULL, NULL),
(5, 517, 51709, 'CAMALIGAN', NULL, NULL, NULL, NULL, NULL, NULL),
(5, 517, 51710, 'CANAMAN', NULL, NULL, NULL, NULL, NULL, NULL),
(5, 517, 51711, 'CARAMOAN', NULL, NULL, NULL, NULL, NULL, NULL),
(5, 517, 51712, 'DEL GALLEGO', NULL, NULL, NULL, NULL, NULL, NULL),
(5, 517, 51713, 'GAINZA', NULL, NULL, NULL, NULL, NULL, NULL),
(5, 517, 51714, 'GARCHITORENA', NULL, NULL, NULL, NULL, NULL, NULL),
(5, 517, 51715, 'GOA', NULL, NULL, NULL, NULL, NULL, NULL),
(5, 517, 51716, 'IRIGA CITY', NULL, NULL, NULL, NULL, NULL, NULL),
(5, 517, 51717, 'LAGONOY', NULL, NULL, NULL, NULL, NULL, NULL),
(5, 517, 51718, 'LIBMANAN', NULL, NULL, NULL, NULL, NULL, NULL),
(5, 517, 51719, 'LUPI', NULL, NULL, NULL, NULL, NULL, NULL),
(5, 517, 51720, 'MAGARAO', NULL, NULL, NULL, NULL, NULL, NULL),
(5, 517, 51721, 'MILAOR', NULL, NULL, NULL, NULL, NULL, NULL),
(5, 517, 51722, 'MINALABAC', NULL, NULL, NULL, NULL, NULL, NULL),
(5, 517, 51723, 'NABUA', NULL, NULL, NULL, NULL, NULL, NULL),
(5, 517, 51724, 'NAGA CITY', NULL, NULL, NULL, NULL, NULL, NULL),
(5, 517, 51725, 'OCAMPO', NULL, NULL, NULL, NULL, NULL, NULL),
(5, 517, 51726, 'PAMPLONA', NULL, NULL, NULL, NULL, NULL, NULL),
(5, 517, 51727, 'PASACAO', NULL, NULL, NULL, NULL, NULL, NULL),
(5, 517, 51728, 'PILI (Capital)', NULL, NULL, NULL, NULL, NULL, NULL),
(5, 517, 51729, 'PRESENTACION (PARUBCAN)', NULL, NULL, NULL, NULL, NULL, NULL),
(5, 517, 51730, 'RAGAY', NULL, NULL, NULL, NULL, NULL, NULL),
(5, 517, 51731, 'SAG?AY', NULL, NULL, NULL, NULL, NULL, NULL),
(5, 517, 51732, 'SAN FERNANDO', NULL, NULL, NULL, NULL, NULL, NULL),
(5, 517, 51733, 'SAN JOSE', NULL, NULL, NULL, NULL, NULL, NULL),
(5, 517, 51734, 'SIPOCOT', NULL, NULL, NULL, NULL, NULL, NULL),
(5, 517, 51735, 'SIRUMA', NULL, NULL, NULL, NULL, NULL, NULL),
(5, 517, 51736, 'TIGAON', NULL, NULL, NULL, NULL, NULL, NULL),
(5, 517, 51737, 'TINAMBAC', NULL, NULL, NULL, NULL, NULL, NULL),
(5, 520, 52001, 'BAGAMANOC', NULL, NULL, NULL, NULL, NULL, NULL),
(5, 520, 52002, 'BARAS', NULL, NULL, NULL, NULL, NULL, NULL),
(5, 520, 52003, 'BATO', NULL, NULL, NULL, NULL, NULL, NULL),
(5, 520, 52004, 'CARAMORAN', NULL, NULL, NULL, NULL, NULL, NULL),
(5, 520, 52005, 'GIGMOTO', NULL, NULL, NULL, NULL, NULL, NULL),
(5, 520, 52006, 'PANDAN', NULL, NULL, NULL, NULL, NULL, NULL),
(5, 520, 52007, 'PANGANIBAN (PAYO)', NULL, NULL, NULL, NULL, NULL, NULL),
(5, 520, 52008, 'SAN ANDRES (CALOLBON)', NULL, NULL, NULL, NULL, NULL, NULL),
(5, 520, 52009, 'SAN MIGUEL', NULL, NULL, NULL, NULL, NULL, NULL),
(5, 520, 52010, 'VIGA', NULL, NULL, NULL, NULL, NULL, NULL),
(5, 520, 52011, 'VIRAC (Capital)', NULL, NULL, NULL, NULL, NULL, NULL),
(5, 541, 54101, 'AROROY', NULL, NULL, NULL, NULL, NULL, NULL),
(5, 541, 54102, 'BALENO', NULL, NULL, NULL, NULL, NULL, NULL),
(5, 541, 54103, 'BALUD', NULL, NULL, NULL, NULL, NULL, NULL),
(5, 541, 54104, 'BATUAN', NULL, NULL, NULL, NULL, NULL, NULL),
(5, 541, 54105, 'CATAINGAN', NULL, NULL, NULL, NULL, NULL, NULL),
(5, 541, 54106, 'CAWAYAN', NULL, NULL, NULL, NULL, NULL, NULL),
(5, 541, 54107, 'CLAVERIA', NULL, NULL, NULL, NULL, NULL, NULL),
(5, 541, 54108, 'DIMASALANG', NULL, NULL, NULL, NULL, NULL, NULL),
(5, 541, 54109, 'ESPERANZA', NULL, NULL, NULL, NULL, NULL, NULL),
(5, 541, 54110, 'MANDAON', NULL, NULL, NULL, NULL, NULL, NULL),
(5, 541, 54111, 'CITY OF MASBATE (Capital)', NULL, NULL, NULL, NULL, NULL, NULL),
(5, 541, 54112, 'MILAGROS', NULL, NULL, NULL, NULL, NULL, NULL),
(5, 541, 54113, 'MOBO', NULL, NULL, NULL, NULL, NULL, NULL),
(5, 541, 54114, 'MONREAL', NULL, NULL, NULL, NULL, NULL, NULL),
(5, 541, 54115, 'PALANAS', NULL, NULL, NULL, NULL, NULL, NULL),
(5, 541, 54116, 'PIO V. CORPUZ (LIMBUHAN)', NULL, NULL, NULL, NULL, NULL, NULL),
(5, 541, 54117, 'PLACER', NULL, NULL, NULL, NULL, NULL, NULL),
(5, 541, 54118, 'SAN FERNANDO', NULL, NULL, NULL, NULL, NULL, NULL),
(5, 541, 54119, 'SAN JACINTO', NULL, NULL, NULL, NULL, NULL, NULL),
(5, 541, 54120, 'SAN PASCUAL', NULL, NULL, NULL, NULL, NULL, NULL),
(5, 541, 54121, 'USON', NULL, NULL, NULL, NULL, NULL, NULL),
(5, 562, 56202, 'BARCELONA', NULL, NULL, NULL, NULL, NULL, NULL),
(5, 562, 56203, 'BULAN', NULL, NULL, NULL, NULL, NULL, NULL),
(5, 562, 56204, 'BULUSAN', NULL, NULL, NULL, NULL, NULL, NULL),
(5, 562, 56205, 'CASIGURAN', NULL, NULL, NULL, NULL, NULL, NULL),
(5, 562, 56206, 'CASTILLA', NULL, NULL, NULL, NULL, NULL, NULL),
(5, 562, 56207, 'DONSOL', NULL, NULL, NULL, NULL, NULL, NULL),
(5, 562, 56208, 'GUBAT', NULL, NULL, NULL, NULL, NULL, NULL),
(5, 562, 56209, 'IROSIN', NULL, NULL, NULL, NULL, NULL, NULL),
(5, 562, 56210, 'JUBAN', NULL, NULL, NULL, NULL, NULL, NULL),
(5, 562, 56211, 'MAGALLANES (34 BRGYS)', NULL, NULL, NULL, NULL, NULL, NULL),
(5, 562, 56212, 'MATNOG', NULL, NULL, NULL, NULL, NULL, NULL),
(5, 562, 56213, 'PILAR', NULL, NULL, NULL, NULL, NULL, NULL),
(5, 562, 56214, 'PRIETO DIAZ', NULL, NULL, NULL, NULL, NULL, NULL),
(5, 562, 56215, 'SANTA MAGDALENA', NULL, NULL, NULL, NULL, NULL, NULL),
(5, 562, 56216, 'CITY OF SORSOGON (Capital)', NULL, NULL, NULL, NULL, NULL, NULL),
(6, 604, 60401, 'ALTAVAS', NULL, NULL, NULL, NULL, NULL, NULL),
(6, 604, 60402, 'BALETE', NULL, NULL, NULL, NULL, NULL, NULL),
(6, 604, 60403, 'BANGA', NULL, NULL, NULL, NULL, NULL, NULL),
(6, 604, 60404, 'BATAN', NULL, NULL, NULL, NULL, NULL, NULL),
(6, 604, 60405, 'BURUANGA', NULL, NULL, NULL, NULL, NULL, NULL),
(6, 604, 60406, 'IBAJAY', NULL, NULL, NULL, NULL, NULL, NULL),
(6, 604, 60407, 'KALIBO (Capital)', NULL, NULL, NULL, NULL, NULL, NULL),
(6, 604, 60408, 'LEZO', NULL, NULL, NULL, NULL, NULL, NULL),
(6, 604, 60409, 'LIBACAO', NULL, NULL, NULL, NULL, NULL, NULL),
(6, 604, 60410, 'MADALAG', NULL, NULL, NULL, NULL, NULL, NULL),
(6, 604, 60411, 'MAKATO', NULL, NULL, NULL, NULL, NULL, NULL),
(6, 604, 60412, 'MALAY', NULL, NULL, NULL, NULL, NULL, NULL),
(6, 604, 60413, 'MALINAO', NULL, NULL, NULL, NULL, NULL, NULL),
(6, 604, 60414, 'NABAS', NULL, NULL, NULL, NULL, NULL, NULL),
(6, 604, 60415, 'NEW WASHINGTON', NULL, NULL, NULL, NULL, NULL, NULL),
(6, 604, 60416, 'NUMANCIA', NULL, NULL, NULL, NULL, NULL, NULL),
(6, 604, 60417, 'TANGALAN', NULL, NULL, NULL, NULL, NULL, NULL),
(6, 606, 60601, 'ANINI-Y', NULL, NULL, NULL, NULL, NULL, NULL),
(6, 606, 60602, 'BARBAZA', NULL, NULL, NULL, NULL, NULL, NULL),
(6, 606, 60603, 'BELISON', NULL, NULL, NULL, NULL, NULL, NULL),
(6, 606, 60604, 'BUGASONG', NULL, NULL, NULL, NULL, NULL, NULL),
(6, 606, 60605, 'CALUYA', NULL, NULL, NULL, NULL, NULL, NULL),
(6, 606, 60606, 'CULASI', NULL, NULL, NULL, NULL, NULL, NULL),
(6, 606, 60607, 'TOBIAS FORNIER (DAO)', NULL, NULL, NULL, NULL, NULL, NULL),
(6, 606, 60608, 'HAMTIC', NULL, NULL, NULL, NULL, NULL, NULL),
(6, 606, 60609, 'LAUA-AN', NULL, NULL, NULL, NULL, NULL, NULL),
(6, 606, 60610, 'LIBERTAD', NULL, NULL, NULL, NULL, NULL, NULL),
(6, 606, 60611, 'PANDAN', NULL, NULL, NULL, NULL, NULL, NULL),
(6, 606, 60612, 'PATNONGON', NULL, NULL, NULL, NULL, NULL, NULL),
(6, 606, 60613, 'SAN JOSE (Capital)', NULL, NULL, NULL, NULL, NULL, NULL),
(6, 606, 60614, 'SAN REMIGIO', NULL, NULL, NULL, NULL, NULL, NULL),
(6, 606, 60615, 'SEBASTE', NULL, NULL, NULL, NULL, NULL, NULL),
(6, 606, 60616, 'SIBALOM', NULL, NULL, NULL, NULL, NULL, NULL),
(6, 606, 60617, 'TIBIAO', NULL, NULL, NULL, NULL, NULL, NULL),
(6, 606, 60618, 'VALDERRAMA', NULL, NULL, NULL, NULL, NULL, NULL),
(6, 619, 61901, 'CUARTERO', NULL, NULL, NULL, NULL, NULL, NULL),
(6, 619, 61902, 'DAO', NULL, NULL, NULL, NULL, NULL, NULL),
(6, 619, 61903, 'DUMALAG', NULL, NULL, NULL, NULL, NULL, NULL),
(6, 619, 61904, 'DUMARAO', NULL, NULL, NULL, NULL, NULL, NULL),
(6, 619, 61905, 'IVISAN', NULL, NULL, NULL, NULL, NULL, NULL),
(6, 619, 61906, 'JAMINDAN', NULL, NULL, NULL, NULL, NULL, NULL),
(6, 619, 61907, 'MA-AYON', NULL, NULL, NULL, NULL, NULL, NULL),
(6, 619, 61908, 'MAMBUSAO', NULL, NULL, NULL, NULL, NULL, NULL),
(6, 619, 61909, 'PANAY', NULL, NULL, NULL, NULL, NULL, NULL),
(6, 619, 61910, 'PANITAN', NULL, NULL, NULL, NULL, NULL, NULL),
(6, 619, 61911, 'PILAR', NULL, NULL, NULL, NULL, NULL, NULL),
(6, 619, 61912, 'PONTEVEDRA', NULL, NULL, NULL, NULL, NULL, NULL),
(6, 619, 61913, 'PRESIDENT ROXAS', NULL, NULL, NULL, NULL, NULL, NULL),
(6, 619, 61914, 'ROXAS CITY (Capital)', NULL, NULL, NULL, NULL, NULL, NULL),
(6, 619, 61915, 'SAPI-AN', NULL, NULL, NULL, NULL, NULL, NULL),
(6, 619, 61916, 'SIGMA', NULL, NULL, NULL, NULL, NULL, NULL),
(6, 619, 61917, 'TAPAZ', NULL, NULL, NULL, NULL, NULL, NULL),
(6, 630, 63001, 'AJUY', NULL, NULL, NULL, NULL, NULL, NULL),
(6, 630, 63002, 'ALIMODIAN', NULL, NULL, NULL, NULL, NULL, NULL),
(6, 630, 63003, 'ANILAO', NULL, NULL, NULL, NULL, NULL, NULL),
(6, 630, 63004, 'BADIANGAN', NULL, NULL, NULL, NULL, NULL, NULL),
(6, 630, 63005, 'BALASAN', NULL, NULL, NULL, NULL, NULL, NULL),
(6, 630, 63006, 'BANATE', NULL, NULL, NULL, NULL, NULL, NULL),
(6, 630, 63007, 'BAROTAC NUEVO', NULL, NULL, NULL, NULL, NULL, NULL),
(6, 630, 63008, 'BAROTAC VIEJO', NULL, NULL, NULL, NULL, NULL, NULL),
(6, 630, 63009, 'BATAD', NULL, NULL, NULL, NULL, NULL, NULL),
(6, 630, 63010, 'BINGAWAN', NULL, NULL, NULL, NULL, NULL, NULL),
(6, 630, 63012, 'CABATUAN', NULL, NULL, NULL, NULL, NULL, NULL),
(6, 630, 63013, 'CALINOG', NULL, NULL, NULL, NULL, NULL, NULL),
(6, 630, 63014, 'CARLES', NULL, NULL, NULL, NULL, NULL, NULL),
(6, 630, 63015, 'CONCEPCION', NULL, NULL, NULL, NULL, NULL, NULL),
(6, 630, 63016, 'DINGLE', NULL, NULL, NULL, NULL, NULL, NULL),
(6, 630, 63017, 'DUE?AS', NULL, NULL, NULL, NULL, NULL, NULL),
(6, 630, 63018, 'DUMANGAS', NULL, NULL, NULL, NULL, NULL, NULL),
(6, 630, 63019, 'ESTANCIA', NULL, NULL, NULL, NULL, NULL, NULL),
(6, 630, 63020, 'GUIMBAL', NULL, NULL, NULL, NULL, NULL, NULL),
(6, 630, 63021, 'IGBARAS', NULL, NULL, NULL, NULL, NULL, NULL),
(6, 630, 63022, 'ILOILO CITY (Capital)', NULL, NULL, NULL, NULL, NULL, NULL),
(6, 630, 63023, 'JANIUAY', NULL, NULL, NULL, NULL, NULL, NULL),
(6, 630, 63025, 'LAMBUNAO', NULL, NULL, NULL, NULL, NULL, NULL),
(6, 630, 63026, 'LEGANES', NULL, NULL, NULL, NULL, NULL, NULL),
(6, 630, 63027, 'LEMERY', NULL, NULL, NULL, NULL, NULL, NULL),
(6, 630, 63028, 'LEON', NULL, NULL, NULL, NULL, NULL, NULL),
(6, 630, 63029, 'MAASIN', NULL, NULL, NULL, NULL, NULL, NULL),
(6, 630, 63030, 'MIAGAO', NULL, NULL, NULL, NULL, NULL, NULL),
(6, 630, 63031, 'MINA', NULL, NULL, NULL, NULL, NULL, NULL),
(6, 630, 63032, 'NEW LUCENA', NULL, NULL, NULL, NULL, NULL, NULL),
(6, 630, 63034, 'OTON', NULL, NULL, NULL, NULL, NULL, NULL),
(6, 630, 63035, 'CITY OF PASSI', NULL, NULL, NULL, NULL, NULL, NULL),
(6, 630, 63036, 'PAVIA', NULL, NULL, NULL, NULL, NULL, NULL),
(6, 630, 63037, 'POTOTAN', NULL, NULL, NULL, NULL, NULL, NULL),
(6, 630, 63038, 'SAN DIONISIO', NULL, NULL, NULL, NULL, NULL, NULL),
(6, 630, 63039, 'SAN ENRIQUE', NULL, NULL, NULL, NULL, NULL, NULL),
(6, 630, 63040, 'SAN JOAQUIN', NULL, NULL, NULL, NULL, NULL, NULL),
(6, 630, 63041, 'SAN MIGUEL', NULL, NULL, NULL, NULL, NULL, NULL),
(6, 630, 63042, 'SAN RAFAEL', NULL, NULL, NULL, NULL, NULL, NULL),
(6, 630, 63043, 'SANTA BARBARA', NULL, NULL, NULL, NULL, NULL, NULL),
(6, 630, 63044, 'SARA', NULL, NULL, NULL, NULL, NULL, NULL),
(6, 630, 63045, 'TIGBAUAN', NULL, NULL, NULL, NULL, NULL, NULL),
(6, 630, 63046, 'TUBUNGAN', NULL, NULL, NULL, NULL, NULL, NULL),
(6, 630, 63047, 'ZARRAGA', NULL, NULL, NULL, NULL, NULL, NULL),
(6, 645, 64501, 'BACOLOD CITY (Capital)', NULL, NULL, NULL, NULL, NULL, NULL),
(6, 645, 64502, 'BAGO CITY', NULL, NULL, NULL, NULL, NULL, NULL),
(6, 645, 64503, 'BINALBAGAN', NULL, NULL, NULL, NULL, NULL, NULL),
(6, 645, 64504, 'CADIZ CITY', NULL, NULL, NULL, NULL, NULL, NULL),
(6, 645, 64505, 'CALATRAVA', NULL, NULL, NULL, NULL, NULL, NULL),
(6, 645, 64506, 'CANDONI', NULL, NULL, NULL, NULL, NULL, NULL),
(6, 645, 64507, 'CAUAYAN', NULL, NULL, NULL, NULL, NULL, NULL),
(6, 645, 64508, 'ENRIQUE B. MAGALONA (SARAVIA)', NULL, NULL, NULL, NULL, NULL, NULL),
(6, 645, 64509, 'CITY OF ESCALANTE', NULL, NULL, NULL, NULL, NULL, NULL),
(6, 645, 64510, 'CITY OF HIMAMAYLAN', NULL, NULL, NULL, NULL, NULL, NULL),
(6, 645, 64511, 'HINIGARAN', NULL, NULL, NULL, NULL, NULL, NULL),
(6, 645, 64512, 'HINOBA-AN (ASIA)', NULL, NULL, NULL, NULL, NULL, NULL),
(6, 645, 64513, 'ILOG', NULL, NULL, NULL, NULL, NULL, NULL),
(6, 645, 64514, 'ISABELA', NULL, NULL, NULL, NULL, NULL, NULL),
(6, 645, 64515, 'CITY OF KABANKALAN', NULL, NULL, NULL, NULL, NULL, NULL),
(6, 645, 64516, 'LA CARLOTA CITY', NULL, NULL, NULL, NULL, NULL, NULL),
(6, 645, 64517, 'LA CASTELLANA', NULL, NULL, NULL, NULL, NULL, NULL),
(6, 645, 64518, 'MANAPLA', NULL, NULL, NULL, NULL, NULL, NULL),
(6, 645, 64519, 'MOISES PADILLA (MAGALLON)', NULL, NULL, NULL, NULL, NULL, NULL),
(6, 645, 64520, 'MURCIA', NULL, NULL, NULL, NULL, NULL, NULL),
(6, 645, 64521, 'PONTEVEDRA', NULL, NULL, NULL, NULL, NULL, NULL),
(6, 645, 64522, 'PULUPANDAN', NULL, NULL, NULL, NULL, NULL, NULL),
(6, 645, 64523, 'SAGAY CITY', NULL, NULL, NULL, NULL, NULL, NULL),
(6, 645, 64524, 'SAN CARLOS CITY', NULL, NULL, NULL, NULL, NULL, NULL),
(6, 645, 64525, 'SAN ENRIQUE', NULL, NULL, NULL, NULL, NULL, NULL),
(6, 645, 64526, 'SILAY CITY', NULL, NULL, NULL, NULL, NULL, NULL),
(6, 645, 64527, 'CITY OF SIPALAY', NULL, NULL, NULL, NULL, NULL, NULL),
(6, 645, 64528, 'CITY OF TALISAY', NULL, NULL, NULL, NULL, NULL, NULL),
(6, 645, 64529, 'TOBOSO', NULL, NULL, NULL, NULL, NULL, NULL),
(6, 645, 64530, 'VALLADOLID', NULL, NULL, NULL, NULL, NULL, NULL),
(6, 645, 64531, 'CITY OF VICTORIAS', NULL, NULL, NULL, NULL, NULL, NULL),
(6, 645, 64532, 'SALVADOR BENEDICTO', NULL, NULL, NULL, NULL, NULL, NULL),
(6, 679, 67901, 'BUENAVISTA', NULL, NULL, NULL, NULL, NULL, NULL),
(6, 679, 67902, 'JORDAN (Capital)', NULL, NULL, NULL, NULL, NULL, NULL),
(6, 679, 67903, 'NUEVA VALENCIA', NULL, NULL, NULL, NULL, NULL, NULL),
(6, 679, 67904, 'SAN LORENZO', NULL, NULL, NULL, NULL, NULL, NULL),
(6, 679, 67905, 'SIBUNAG', NULL, NULL, NULL, NULL, NULL, NULL),
(7, 712, 71201, 'ALBURQUERQUE', NULL, NULL, NULL, NULL, NULL, NULL),
(7, 712, 71202, 'ALICIA', NULL, NULL, NULL, NULL, NULL, NULL),
(7, 712, 71203, 'ANDA', NULL, NULL, NULL, NULL, NULL, NULL),
(7, 712, 71204, 'ANTEQUERA', NULL, NULL, NULL, NULL, NULL, NULL),
(7, 712, 71205, 'BACLAYON', NULL, NULL, NULL, NULL, NULL, NULL),
(7, 712, 71206, 'BALILIHAN', NULL, NULL, NULL, NULL, NULL, NULL),
(7, 712, 71207, 'BATUAN', NULL, NULL, NULL, NULL, NULL, NULL),
(7, 712, 71208, 'BILAR', NULL, NULL, NULL, NULL, NULL, NULL),
(7, 712, 71209, 'BUENAVISTA', NULL, NULL, NULL, NULL, NULL, NULL),
(7, 712, 71210, 'CALAPE', NULL, NULL, NULL, NULL, NULL, NULL),
(7, 712, 71211, 'CANDIJAY', NULL, NULL, NULL, NULL, NULL, NULL),
(7, 712, 71212, 'CARMEN', NULL, NULL, NULL, NULL, NULL, NULL),
(7, 712, 71213, 'CATIGBIAN', NULL, NULL, NULL, NULL, NULL, NULL),
(7, 712, 71214, 'CLARIN', NULL, NULL, NULL, NULL, NULL, NULL),
(7, 712, 71215, 'CORELLA', NULL, NULL, NULL, NULL, NULL, NULL),
(7, 712, 71216, 'CORTES', NULL, NULL, NULL, NULL, NULL, NULL),
(7, 712, 71217, 'DAGOHOY', NULL, NULL, NULL, NULL, NULL, NULL),
(7, 712, 71218, 'DANAO', NULL, NULL, NULL, NULL, NULL, NULL),
(7, 712, 71219, 'DAUIS', NULL, NULL, NULL, NULL, NULL, NULL),
(7, 712, 71220, 'DIMIAO', NULL, NULL, NULL, NULL, NULL, NULL),
(7, 712, 71221, 'DUERO', NULL, NULL, NULL, NULL, NULL, NULL),
(7, 712, 71222, 'GARCIA HERNANDEZ', NULL, NULL, NULL, NULL, NULL, NULL),
(7, 712, 71223, 'GUINDULMAN', NULL, NULL, NULL, NULL, NULL, NULL),
(7, 712, 71224, 'INABANGA', NULL, NULL, NULL, NULL, NULL, NULL),
(7, 712, 71225, 'JAGNA', NULL, NULL, NULL, NULL, NULL, NULL),
(7, 712, 71226, 'JETAFE', NULL, NULL, NULL, NULL, NULL, NULL),
(7, 712, 71227, 'LILA', NULL, NULL, NULL, NULL, NULL, NULL),
(7, 712, 71228, 'LOAY', NULL, NULL, NULL, NULL, NULL, NULL),
(7, 712, 71229, 'LOBOC', NULL, NULL, NULL, NULL, NULL, NULL),
(7, 712, 71230, 'LOON', NULL, NULL, NULL, NULL, NULL, NULL),
(7, 712, 71231, 'MABINI', NULL, NULL, NULL, NULL, NULL, NULL),
(7, 712, 71232, 'MARIBOJOC', NULL, NULL, NULL, NULL, NULL, NULL),
(7, 712, 71233, 'PANGLAO', NULL, NULL, NULL, NULL, NULL, NULL),
(7, 712, 71234, 'PILAR', NULL, NULL, NULL, NULL, NULL, NULL),
(7, 712, 71235, 'PRES. CARLOS P. GARCIA (PITOGO)', NULL, NULL, NULL, NULL, NULL, NULL),
(7, 712, 71236, 'SAGBAYAN (BORJA)', NULL, NULL, NULL, NULL, NULL, NULL),
(7, 712, 71237, 'SAN ISIDRO', NULL, NULL, NULL, NULL, NULL, NULL),
(7, 712, 71238, 'SAN MIGUEL', NULL, NULL, NULL, NULL, NULL, NULL),
(7, 712, 71239, 'SEVILLA', NULL, NULL, NULL, NULL, NULL, NULL),
(7, 712, 71240, 'SIERRA BULLONES', NULL, NULL, NULL, NULL, NULL, NULL),
(7, 712, 71241, 'SIKATUNA', NULL, NULL, NULL, NULL, NULL, NULL);
INSERT INTO `municipality` (`regcode`, `provcode`, `citycode`, `city_name`, `nscb_city_code`, `nscb_city_name`, `addedby`, `UserLevelID`, `dateupdated`, `status`) VALUES
(7, 712, 71242, 'TAGBILARAN CITY (Capital)', NULL, NULL, NULL, NULL, NULL, NULL),
(7, 712, 71243, 'TALIBON', NULL, NULL, NULL, NULL, NULL, NULL),
(7, 712, 71244, 'TRINIDAD', NULL, NULL, NULL, NULL, NULL, NULL),
(7, 712, 71245, 'TUBIGON', NULL, NULL, NULL, NULL, NULL, NULL),
(7, 712, 71246, 'UBAY', NULL, NULL, NULL, NULL, NULL, NULL),
(7, 712, 71247, 'VALENCIA', NULL, NULL, NULL, NULL, NULL, NULL),
(7, 712, 71248, 'BIEN UNIDO', NULL, NULL, NULL, NULL, NULL, NULL),
(7, 722, 72201, 'ALCANTARA', NULL, NULL, NULL, NULL, NULL, NULL),
(7, 722, 72202, 'ALCOY', NULL, NULL, NULL, NULL, NULL, NULL),
(7, 722, 72203, 'ALEGRIA', NULL, NULL, NULL, NULL, NULL, NULL),
(7, 722, 72204, 'ALOGUINSAN', NULL, NULL, NULL, NULL, NULL, NULL),
(7, 722, 72205, 'ARGAO', NULL, NULL, NULL, NULL, NULL, NULL),
(7, 722, 72206, 'ASTURIAS', NULL, NULL, NULL, NULL, NULL, NULL),
(7, 722, 72207, 'BADIAN', NULL, NULL, NULL, NULL, NULL, NULL),
(7, 722, 72208, 'BALAMBAN', NULL, NULL, NULL, NULL, NULL, NULL),
(7, 722, 72209, 'BANTAYAN', NULL, NULL, NULL, NULL, NULL, NULL),
(7, 722, 72210, 'BARILI', NULL, NULL, NULL, NULL, NULL, NULL),
(7, 722, 72211, 'BOGO', NULL, NULL, NULL, NULL, NULL, NULL),
(7, 722, 72212, 'BOLJOON', NULL, NULL, NULL, NULL, NULL, NULL),
(7, 722, 72213, 'BORBON', NULL, NULL, NULL, NULL, NULL, NULL),
(7, 722, 72214, 'CARCAR', NULL, NULL, NULL, NULL, NULL, NULL),
(7, 722, 72215, 'CARMEN', NULL, NULL, NULL, NULL, NULL, NULL),
(7, 722, 72216, 'CATMON', NULL, NULL, NULL, NULL, NULL, NULL),
(7, 722, 72217, 'CEBU CITY (Capital)', NULL, NULL, NULL, NULL, NULL, NULL),
(7, 722, 72218, 'COMPOSTELA', NULL, NULL, NULL, NULL, NULL, NULL),
(7, 722, 72219, 'CONSOLACION', NULL, NULL, NULL, NULL, NULL, NULL),
(7, 722, 72220, 'CORDOBA', NULL, NULL, NULL, NULL, NULL, NULL),
(7, 722, 72221, 'DAANBANTAYAN', NULL, NULL, NULL, NULL, NULL, NULL),
(7, 722, 72222, 'DALAGUETE', NULL, NULL, NULL, NULL, NULL, NULL),
(7, 722, 72223, 'DANAO CITY', NULL, NULL, NULL, NULL, NULL, NULL),
(7, 722, 72224, 'DUMANJUG', NULL, NULL, NULL, NULL, NULL, NULL),
(7, 722, 72225, 'GINATILAN', NULL, NULL, NULL, NULL, NULL, NULL),
(7, 722, 72226, 'LAPU-LAPU CITY (OPON)', NULL, NULL, NULL, NULL, NULL, NULL),
(7, 722, 72227, 'LILOAN', NULL, NULL, NULL, NULL, NULL, NULL),
(7, 722, 72228, 'MADRIDEJOS', NULL, NULL, NULL, NULL, NULL, NULL),
(7, 722, 72229, 'MALABUYOC', NULL, NULL, NULL, NULL, NULL, NULL),
(7, 722, 72230, 'MANDAUE CITY', NULL, NULL, NULL, NULL, NULL, NULL),
(7, 722, 72231, 'MEDELLIN', NULL, NULL, NULL, NULL, NULL, NULL),
(7, 722, 72232, 'MINGLANILLA', NULL, NULL, NULL, NULL, NULL, NULL),
(7, 722, 72233, 'MOALBOAL', NULL, NULL, NULL, NULL, NULL, NULL),
(7, 722, 72234, 'NAGA', NULL, NULL, NULL, NULL, NULL, NULL),
(7, 722, 72235, 'OSLOB', NULL, NULL, NULL, NULL, NULL, NULL),
(7, 722, 72236, 'PILAR', NULL, NULL, NULL, NULL, NULL, NULL),
(7, 722, 72237, 'PINAMUNGAHAN', NULL, NULL, NULL, NULL, NULL, NULL),
(7, 722, 72238, 'PORO', NULL, NULL, NULL, NULL, NULL, NULL),
(7, 722, 72239, 'RONDA', NULL, NULL, NULL, NULL, NULL, NULL),
(7, 722, 72240, 'SAMBOAN', NULL, NULL, NULL, NULL, NULL, NULL),
(7, 722, 72241, 'SAN FERNANDO', NULL, NULL, NULL, NULL, NULL, NULL),
(7, 722, 72242, 'SAN FRANCISCO', NULL, NULL, NULL, NULL, NULL, NULL),
(7, 722, 72243, 'SAN REMIGIO', NULL, NULL, NULL, NULL, NULL, NULL),
(7, 722, 72244, 'SANTA FE', NULL, NULL, NULL, NULL, NULL, NULL),
(7, 722, 72245, 'SANTANDER', NULL, NULL, NULL, NULL, NULL, NULL),
(7, 722, 72246, 'SIBONGA', NULL, NULL, NULL, NULL, NULL, NULL),
(7, 722, 72247, 'SOGOD', NULL, NULL, NULL, NULL, NULL, NULL),
(7, 722, 72248, 'TABOGON', NULL, NULL, NULL, NULL, NULL, NULL),
(7, 722, 72249, 'TABUELAN', NULL, NULL, NULL, NULL, NULL, NULL),
(7, 722, 72250, 'CITY OF TALISAY', NULL, NULL, NULL, NULL, NULL, NULL),
(7, 722, 72251, 'TOLEDO CITY', NULL, NULL, NULL, NULL, NULL, NULL),
(7, 722, 72252, 'TUBURAN', NULL, NULL, NULL, NULL, NULL, NULL),
(7, 722, 72253, 'TUDELA', NULL, NULL, NULL, NULL, NULL, NULL),
(7, 746, 74601, 'AMLAN (AYUQUITAN)', NULL, NULL, NULL, NULL, NULL, NULL),
(7, 746, 74602, 'AYUNGON', NULL, NULL, NULL, NULL, NULL, NULL),
(7, 746, 74603, 'BACONG', NULL, NULL, NULL, NULL, NULL, NULL),
(7, 746, 74604, 'BAIS CITY', NULL, NULL, NULL, NULL, NULL, NULL),
(7, 746, 74605, 'BASAY', NULL, NULL, NULL, NULL, NULL, NULL),
(7, 746, 74606, 'CITY OF BAYAWAN (TULONG)', NULL, NULL, NULL, NULL, NULL, NULL),
(7, 746, 74607, 'BINDOY (PAYABON)', NULL, NULL, NULL, NULL, NULL, NULL),
(7, 746, 74608, 'CANLAON CITY', NULL, NULL, NULL, NULL, NULL, NULL),
(7, 746, 74609, 'DAUIN', NULL, NULL, NULL, NULL, NULL, NULL),
(7, 746, 74610, 'DUMAGUETE CITY (Capital)', NULL, NULL, NULL, NULL, NULL, NULL),
(7, 746, 74611, 'GUIHULNGAN', NULL, NULL, NULL, NULL, NULL, NULL),
(7, 746, 74612, 'JIMALALUD', NULL, NULL, NULL, NULL, NULL, NULL),
(7, 746, 74613, 'LA LIBERTAD', NULL, NULL, NULL, NULL, NULL, NULL),
(7, 746, 74614, 'MABINAY', NULL, NULL, NULL, NULL, NULL, NULL),
(7, 746, 74615, 'MANJUYOD', NULL, NULL, NULL, NULL, NULL, NULL),
(7, 746, 74616, 'PAMPLONA', NULL, NULL, NULL, NULL, NULL, NULL),
(7, 746, 74617, 'SAN JOSE', NULL, NULL, NULL, NULL, NULL, NULL),
(7, 746, 74618, 'SANTA CATALINA', NULL, NULL, NULL, NULL, NULL, NULL),
(7, 746, 74619, 'SIATON', NULL, NULL, NULL, NULL, NULL, NULL),
(7, 746, 74620, 'SIBULAN', NULL, NULL, NULL, NULL, NULL, NULL),
(7, 746, 74621, 'CITY OF TANJAY', NULL, NULL, NULL, NULL, NULL, NULL),
(7, 746, 74622, 'TAYASAN', NULL, NULL, NULL, NULL, NULL, NULL),
(7, 746, 74623, 'VALENCIA (LUZURRIAGA)', NULL, NULL, NULL, NULL, NULL, NULL),
(7, 746, 74624, 'VALLEHERMOSO', NULL, NULL, NULL, NULL, NULL, NULL),
(7, 746, 74625, 'ZAMBOANGUITA', NULL, NULL, NULL, NULL, NULL, NULL),
(7, 761, 76101, 'ENRIQUE VILLANUEVA', NULL, NULL, NULL, NULL, NULL, NULL),
(7, 761, 76102, 'LARENA', NULL, NULL, NULL, NULL, NULL, NULL),
(7, 761, 76103, 'LAZI', NULL, NULL, NULL, NULL, NULL, NULL),
(7, 761, 76104, 'MARIA', NULL, NULL, NULL, NULL, NULL, NULL),
(7, 761, 76105, 'SAN JUAN', NULL, NULL, NULL, NULL, NULL, NULL),
(7, 761, 76106, 'SIQUIJOR (Capital)', NULL, NULL, NULL, NULL, NULL, NULL),
(8, 826, 82601, 'ARTECHE', NULL, NULL, NULL, NULL, NULL, NULL),
(8, 826, 82602, 'BALANGIGA', NULL, NULL, NULL, NULL, NULL, NULL),
(8, 826, 82603, 'BALANGKAYAN', NULL, NULL, NULL, NULL, NULL, NULL),
(8, 826, 82604, 'BORONGAN (Capital)', NULL, NULL, NULL, NULL, NULL, NULL),
(8, 826, 82605, 'CAN-AVID', NULL, NULL, NULL, NULL, NULL, NULL),
(8, 826, 82606, 'DOLORES', NULL, NULL, NULL, NULL, NULL, NULL),
(8, 826, 82607, 'GENERAL MACARTHUR', NULL, NULL, NULL, NULL, NULL, NULL),
(8, 826, 82608, 'GIPORLOS', NULL, NULL, NULL, NULL, NULL, NULL),
(8, 826, 82609, 'GUIUAN', NULL, NULL, NULL, NULL, NULL, NULL),
(8, 826, 82610, 'HERNANI', NULL, NULL, NULL, NULL, NULL, NULL),
(8, 826, 82611, 'JIPAPAD', NULL, NULL, NULL, NULL, NULL, NULL),
(8, 826, 82612, 'LAWAAN', NULL, NULL, NULL, NULL, NULL, NULL),
(8, 826, 82613, 'LLORENTE', NULL, NULL, NULL, NULL, NULL, NULL),
(8, 826, 82614, 'MASLOG', NULL, NULL, NULL, NULL, NULL, NULL),
(8, 826, 82615, 'MAYDOLONG', NULL, NULL, NULL, NULL, NULL, NULL),
(8, 826, 82616, 'MERCEDES', NULL, NULL, NULL, NULL, NULL, NULL),
(8, 826, 82617, 'ORAS', NULL, NULL, NULL, NULL, NULL, NULL),
(8, 826, 82618, 'QUINAPONDAN', NULL, NULL, NULL, NULL, NULL, NULL),
(8, 826, 82619, 'SALCEDO', NULL, NULL, NULL, NULL, NULL, NULL),
(8, 826, 82620, 'SAN JULIAN', NULL, NULL, NULL, NULL, NULL, NULL),
(8, 826, 82621, 'SAN POLICARPO', NULL, NULL, NULL, NULL, NULL, NULL),
(8, 826, 82622, 'SULAT', NULL, NULL, NULL, NULL, NULL, NULL),
(8, 826, 82623, 'TAFT', NULL, NULL, NULL, NULL, NULL, NULL),
(8, 837, 83701, 'ABUYOG', NULL, NULL, NULL, NULL, NULL, NULL),
(8, 837, 83702, 'ALANGALANG', NULL, NULL, NULL, NULL, NULL, NULL),
(8, 837, 83703, 'ALBUERA', NULL, NULL, NULL, NULL, NULL, NULL),
(8, 837, 83705, 'BABATNGON', NULL, NULL, NULL, NULL, NULL, NULL),
(8, 837, 83706, 'BARUGO', NULL, NULL, NULL, NULL, NULL, NULL),
(8, 837, 83707, 'BATO', NULL, NULL, NULL, NULL, NULL, NULL),
(8, 837, 83708, 'BAYBAY', NULL, NULL, NULL, NULL, NULL, NULL),
(8, 837, 83710, 'BURAUEN', NULL, NULL, NULL, NULL, NULL, NULL),
(8, 837, 83713, 'CALUBIAN', NULL, NULL, NULL, NULL, NULL, NULL),
(8, 837, 83714, 'CAPOOCAN', NULL, NULL, NULL, NULL, NULL, NULL),
(8, 837, 83715, 'CARIGARA', NULL, NULL, NULL, NULL, NULL, NULL),
(8, 837, 83717, 'DAGAMI', NULL, NULL, NULL, NULL, NULL, NULL),
(8, 837, 83718, 'DULAG', NULL, NULL, NULL, NULL, NULL, NULL),
(8, 837, 83719, 'HILONGOS', NULL, NULL, NULL, NULL, NULL, NULL),
(8, 837, 83720, 'HINDANG', NULL, NULL, NULL, NULL, NULL, NULL),
(8, 837, 83721, 'INOPACAN', NULL, NULL, NULL, NULL, NULL, NULL),
(8, 837, 83722, 'ISABEL', NULL, NULL, NULL, NULL, NULL, NULL),
(8, 837, 83723, 'JARO', NULL, NULL, NULL, NULL, NULL, NULL),
(8, 837, 83724, 'JAVIER (BUGHO)', NULL, NULL, NULL, NULL, NULL, NULL),
(8, 837, 83725, 'JULITA', NULL, NULL, NULL, NULL, NULL, NULL),
(8, 837, 83726, 'KANANGA', NULL, NULL, NULL, NULL, NULL, NULL),
(8, 837, 83728, 'LAPAZ', NULL, NULL, NULL, NULL, NULL, NULL),
(8, 837, 83729, 'LEYTE', NULL, NULL, NULL, NULL, NULL, NULL),
(8, 837, 83730, 'MACARTHUR', NULL, NULL, NULL, NULL, NULL, NULL),
(8, 837, 83731, 'MAHAPLAG', NULL, NULL, NULL, NULL, NULL, NULL),
(8, 837, 83733, 'MATAG-OB', NULL, NULL, NULL, NULL, NULL, NULL),
(8, 837, 83734, 'MATALOM', NULL, NULL, NULL, NULL, NULL, NULL),
(8, 837, 83735, 'MAYORGA', NULL, NULL, NULL, NULL, NULL, NULL),
(8, 837, 83736, 'MERIDA', NULL, NULL, NULL, NULL, NULL, NULL),
(8, 837, 83738, 'ORMOC CITY', NULL, NULL, NULL, NULL, NULL, NULL),
(8, 837, 83739, 'PALO', NULL, NULL, NULL, NULL, NULL, NULL),
(8, 837, 83740, 'PALOMPON', NULL, NULL, NULL, NULL, NULL, NULL),
(8, 837, 83741, 'PASTRANA', NULL, NULL, NULL, NULL, NULL, NULL),
(8, 837, 83742, 'SAN ISIDRO', NULL, NULL, NULL, NULL, NULL, NULL),
(8, 837, 83743, 'SAN MIGUEL', NULL, NULL, NULL, NULL, NULL, NULL),
(8, 837, 83744, 'SANTA FE', NULL, NULL, NULL, NULL, NULL, NULL),
(8, 837, 83745, 'TABANGO', NULL, NULL, NULL, NULL, NULL, NULL),
(8, 837, 83746, 'TABONTABON', NULL, NULL, NULL, NULL, NULL, NULL),
(8, 837, 83747, 'TACLOBAN CITY (Capital)', NULL, NULL, NULL, NULL, NULL, NULL),
(8, 837, 83748, 'TANAUAN', NULL, NULL, NULL, NULL, NULL, NULL),
(8, 837, 83749, 'TOLOSA', NULL, NULL, NULL, NULL, NULL, NULL),
(8, 837, 83750, 'TUNGA', NULL, NULL, NULL, NULL, NULL, NULL),
(8, 837, 83751, 'VILLABA', NULL, NULL, NULL, NULL, NULL, NULL),
(8, 848, 84801, 'ALLEN', NULL, NULL, NULL, NULL, NULL, NULL),
(8, 848, 84802, 'BIRI', NULL, NULL, NULL, NULL, NULL, NULL),
(8, 848, 84803, 'BOBON', NULL, NULL, NULL, NULL, NULL, NULL),
(8, 848, 84804, 'CAPUL', NULL, NULL, NULL, NULL, NULL, NULL),
(8, 848, 84805, 'CATARMAN (Capital)', NULL, NULL, NULL, NULL, NULL, NULL),
(8, 848, 84806, 'CATUBIG', NULL, NULL, NULL, NULL, NULL, NULL),
(8, 848, 84807, 'GAMAY', NULL, NULL, NULL, NULL, NULL, NULL),
(8, 848, 84808, 'LAOANG', NULL, NULL, NULL, NULL, NULL, NULL),
(8, 848, 84809, 'LAPINIG', NULL, NULL, NULL, NULL, NULL, NULL),
(8, 848, 84810, 'LAS NAVAS', NULL, NULL, NULL, NULL, NULL, NULL),
(8, 848, 84811, 'LAVEZARES', NULL, NULL, NULL, NULL, NULL, NULL),
(8, 848, 84812, 'MAPANAS', NULL, NULL, NULL, NULL, NULL, NULL),
(8, 848, 84813, 'MONDRAGON', NULL, NULL, NULL, NULL, NULL, NULL),
(8, 848, 84814, 'PALAPAG', NULL, NULL, NULL, NULL, NULL, NULL),
(8, 848, 84815, 'PAMBUJAN', NULL, NULL, NULL, NULL, NULL, NULL),
(8, 848, 84816, 'ROSARIO', NULL, NULL, NULL, NULL, NULL, NULL),
(8, 848, 84817, 'SAN ANTONIO', NULL, NULL, NULL, NULL, NULL, NULL),
(8, 848, 84818, 'SAN ISIDRO', NULL, NULL, NULL, NULL, NULL, NULL),
(8, 848, 84819, 'SAN JOSE', NULL, NULL, NULL, NULL, NULL, NULL),
(8, 848, 84820, 'SAN ROQUE', NULL, NULL, NULL, NULL, NULL, NULL),
(8, 848, 84821, 'SAN VICENTE', NULL, NULL, NULL, NULL, NULL, NULL),
(8, 848, 84822, 'SILVINO LOBOS', NULL, NULL, NULL, NULL, NULL, NULL),
(8, 848, 84823, 'VICTORIA', NULL, NULL, NULL, NULL, NULL, NULL),
(8, 848, 84824, 'LOPE DE VEGA', NULL, NULL, NULL, NULL, NULL, NULL),
(8, 860, 86001, 'ALMAGRO', NULL, NULL, NULL, NULL, NULL, NULL),
(8, 860, 86002, 'BASEY', NULL, NULL, NULL, NULL, NULL, NULL),
(8, 860, 86003, 'CALBAYOG CITY', NULL, NULL, NULL, NULL, NULL, NULL),
(8, 860, 86004, 'CALBIGA', NULL, NULL, NULL, NULL, NULL, NULL),
(8, 860, 86005, 'CATBALOGAN (Capital)', NULL, NULL, NULL, NULL, NULL, NULL),
(8, 860, 86006, 'DARAM', NULL, NULL, NULL, NULL, NULL, NULL),
(8, 860, 86007, 'GANDARA', NULL, NULL, NULL, NULL, NULL, NULL),
(8, 860, 86008, 'HINABANGAN', NULL, NULL, NULL, NULL, NULL, NULL),
(8, 860, 86009, 'JIABONG', NULL, NULL, NULL, NULL, NULL, NULL),
(8, 860, 86010, 'MARABUT', NULL, NULL, NULL, NULL, NULL, NULL),
(8, 860, 86011, 'MATUGUINAO', NULL, NULL, NULL, NULL, NULL, NULL),
(8, 860, 86012, 'MOTIONG', NULL, NULL, NULL, NULL, NULL, NULL),
(8, 860, 86013, 'PINABACDAO', NULL, NULL, NULL, NULL, NULL, NULL),
(8, 860, 86014, 'SAN JOSE DE BUAN', NULL, NULL, NULL, NULL, NULL, NULL),
(8, 860, 86015, 'SAN SEBASTIAN', NULL, NULL, NULL, NULL, NULL, NULL),
(8, 860, 86016, 'SANTA MARGARITA', NULL, NULL, NULL, NULL, NULL, NULL),
(8, 860, 86017, 'SANTA RITA', NULL, NULL, NULL, NULL, NULL, NULL),
(8, 860, 86018, 'SANTO NI?O', NULL, NULL, NULL, NULL, NULL, NULL),
(8, 860, 86019, 'TALALORA', NULL, NULL, NULL, NULL, NULL, NULL),
(8, 860, 86020, 'TARANGNAN', NULL, NULL, NULL, NULL, NULL, NULL),
(8, 860, 86021, 'VILLAREAL', NULL, NULL, NULL, NULL, NULL, NULL),
(8, 860, 86022, 'PARANAS (WRIGHT)', NULL, NULL, NULL, NULL, NULL, NULL),
(8, 860, 86023, 'ZUMARRAGA', NULL, NULL, NULL, NULL, NULL, NULL),
(8, 860, 86024, 'TAGAPUL-AN', NULL, NULL, NULL, NULL, NULL, NULL),
(8, 860, 86025, 'SAN JORGE', NULL, NULL, NULL, NULL, NULL, NULL),
(8, 860, 86026, 'PAGSANGHAN', NULL, NULL, NULL, NULL, NULL, NULL),
(8, 864, 86401, 'ANAHAWAN', NULL, NULL, NULL, NULL, NULL, NULL),
(8, 864, 86402, 'BONTOC', NULL, NULL, NULL, NULL, NULL, NULL),
(8, 864, 86403, 'HINUNANGAN', NULL, NULL, NULL, NULL, NULL, NULL),
(8, 864, 86404, 'HINUNDAYAN', NULL, NULL, NULL, NULL, NULL, NULL),
(8, 864, 86405, 'LIBAGON', NULL, NULL, NULL, NULL, NULL, NULL),
(8, 864, 86406, 'LILOAN', NULL, NULL, NULL, NULL, NULL, NULL),
(8, 864, 86407, 'CITY OF MAASIN (Capital)', NULL, NULL, NULL, NULL, NULL, NULL),
(8, 864, 86408, 'MACROHON', NULL, NULL, NULL, NULL, NULL, NULL),
(8, 864, 86409, 'MALITBOG', NULL, NULL, NULL, NULL, NULL, NULL),
(8, 864, 86410, 'PADRE BURGOS', NULL, NULL, NULL, NULL, NULL, NULL),
(8, 864, 86411, 'PINTUYAN', NULL, NULL, NULL, NULL, NULL, NULL),
(8, 864, 86412, 'SAINT BERNARD', NULL, NULL, NULL, NULL, NULL, NULL),
(8, 864, 86413, 'SAN FRANCISCO', NULL, NULL, NULL, NULL, NULL, NULL),
(8, 864, 86414, 'SAN JUAN (CABALIAN)', NULL, NULL, NULL, NULL, NULL, NULL),
(8, 864, 86415, 'SAN RICARDO', NULL, NULL, NULL, NULL, NULL, NULL),
(8, 864, 86416, 'SILAGO', NULL, NULL, NULL, NULL, NULL, NULL),
(8, 864, 86417, 'SOGOD', NULL, NULL, NULL, NULL, NULL, NULL),
(8, 864, 86418, 'TOMAS OPPUS', NULL, NULL, NULL, NULL, NULL, NULL),
(8, 864, 86419, 'LIMASAWA', NULL, NULL, NULL, NULL, NULL, NULL),
(8, 878, 87801, 'ALMERIA', NULL, NULL, NULL, NULL, NULL, NULL),
(8, 878, 87802, 'BILIRAN', NULL, NULL, NULL, NULL, NULL, NULL),
(8, 878, 87803, 'CABUCGAYAN', NULL, NULL, NULL, NULL, NULL, NULL),
(8, 878, 87804, 'CAIBIRAN', NULL, NULL, NULL, NULL, NULL, NULL),
(8, 878, 87805, 'CULABA', NULL, NULL, NULL, NULL, NULL, NULL),
(8, 878, 87806, 'KAWAYAN', NULL, NULL, NULL, NULL, NULL, NULL),
(8, 878, 87807, 'MARIPIPI', NULL, NULL, NULL, NULL, NULL, NULL),
(8, 878, 87808, 'NAVAL (Capital)', NULL, NULL, NULL, NULL, NULL, NULL),
(9, 972, 97201, 'DAPITAN CITY', NULL, NULL, NULL, NULL, NULL, NULL),
(9, 972, 97202, 'DIPOLOG CITY (Capital)', NULL, NULL, NULL, NULL, NULL, NULL),
(9, 972, 97203, 'KATIPUNAN', NULL, NULL, NULL, NULL, NULL, NULL),
(9, 972, 97204, 'LA LIBERTAD', NULL, NULL, NULL, NULL, NULL, NULL),
(9, 972, 97205, 'LABASON', NULL, NULL, NULL, NULL, NULL, NULL),
(9, 972, 97206, 'LILOY', NULL, NULL, NULL, NULL, NULL, NULL),
(9, 972, 97207, 'MANUKAN', NULL, NULL, NULL, NULL, NULL, NULL),
(9, 972, 97208, 'MUTIA', NULL, NULL, NULL, NULL, NULL, NULL),
(9, 972, 97209, 'PI?AN (NEW PI?AN)', NULL, NULL, NULL, NULL, NULL, NULL),
(9, 972, 97210, 'POLANCO', NULL, NULL, NULL, NULL, NULL, NULL),
(9, 972, 97211, 'PRES. MANUEL A. ROXAS', NULL, NULL, NULL, NULL, NULL, NULL),
(9, 972, 97212, 'RIZAL', NULL, NULL, NULL, NULL, NULL, NULL),
(9, 972, 97213, 'SALUG', NULL, NULL, NULL, NULL, NULL, NULL),
(9, 972, 97214, 'SERGIO OSME?A SR.', NULL, NULL, NULL, NULL, NULL, NULL),
(9, 972, 97215, 'SIAYAN', NULL, NULL, NULL, NULL, NULL, NULL),
(9, 972, 97216, 'SIBUCO', NULL, NULL, NULL, NULL, NULL, NULL),
(9, 972, 97217, 'SIBUTAD', NULL, NULL, NULL, NULL, NULL, NULL),
(9, 972, 97218, 'SINDANGAN', NULL, NULL, NULL, NULL, NULL, NULL),
(9, 972, 97219, 'SIOCON', NULL, NULL, NULL, NULL, NULL, NULL),
(9, 972, 97220, 'SIRAWAI', NULL, NULL, NULL, NULL, NULL, NULL),
(9, 972, 97221, 'TAMPILISAN', NULL, NULL, NULL, NULL, NULL, NULL),
(9, 972, 97222, 'JOSE DALMAN (PONOT)', NULL, NULL, NULL, NULL, NULL, NULL),
(9, 972, 97223, 'GUTALAC', NULL, NULL, NULL, NULL, NULL, NULL),
(9, 972, 97224, 'BALIGUIAN', NULL, NULL, NULL, NULL, NULL, NULL),
(9, 972, 97225, 'GODOD', NULL, NULL, NULL, NULL, NULL, NULL),
(9, 972, 97226, 'BACUNGAN (LEON T. POSTIGO)', NULL, NULL, NULL, NULL, NULL, NULL),
(9, 972, 97227, 'KALAWIT', NULL, NULL, NULL, NULL, NULL, NULL),
(9, 973, 97302, 'AURORA', NULL, NULL, NULL, NULL, NULL, NULL),
(9, 973, 97303, 'BAYOG', NULL, NULL, NULL, NULL, NULL, NULL),
(9, 973, 97305, 'DIMATALING', NULL, NULL, NULL, NULL, NULL, NULL),
(9, 973, 97306, 'DINAS', NULL, NULL, NULL, NULL, NULL, NULL),
(9, 973, 97307, 'DUMALINAO', NULL, NULL, NULL, NULL, NULL, NULL),
(9, 973, 97308, 'DUMINGAG', NULL, NULL, NULL, NULL, NULL, NULL),
(9, 973, 97311, 'KUMALARANG', NULL, NULL, NULL, NULL, NULL, NULL),
(9, 973, 97312, 'LABANGAN', NULL, NULL, NULL, NULL, NULL, NULL),
(9, 973, 97313, 'LAPUYAN', NULL, NULL, NULL, NULL, NULL, NULL),
(9, 973, 97315, 'MAHAYAG', NULL, NULL, NULL, NULL, NULL, NULL),
(9, 973, 97317, 'MARGOSATUBIG', NULL, NULL, NULL, NULL, NULL, NULL),
(9, 973, 97318, 'MIDSALIP', NULL, NULL, NULL, NULL, NULL, NULL),
(9, 973, 97319, 'MOLAVE', NULL, NULL, NULL, NULL, NULL, NULL),
(9, 973, 97322, 'PAGADIAN CITY (Capital)', NULL, NULL, NULL, NULL, NULL, NULL),
(9, 973, 97323, 'RAMON MAGSAYSAY (LIARGO)', NULL, NULL, NULL, NULL, NULL, NULL),
(9, 973, 97324, 'SAN MIGUEL', NULL, NULL, NULL, NULL, NULL, NULL),
(9, 973, 97325, 'SAN PABLO', NULL, NULL, NULL, NULL, NULL, NULL),
(9, 973, 97327, 'TABINA', NULL, NULL, NULL, NULL, NULL, NULL),
(9, 973, 97328, 'TAMBULIG', NULL, NULL, NULL, NULL, NULL, NULL),
(9, 973, 97330, 'TUKURAN', NULL, NULL, NULL, NULL, NULL, NULL),
(9, 973, 97332, 'ZAMBOANGA CITY', NULL, NULL, NULL, NULL, NULL, NULL),
(9, 973, 97333, 'LAKEWOOD', NULL, NULL, NULL, NULL, NULL, NULL),
(9, 973, 97337, 'JOSEFINA', NULL, NULL, NULL, NULL, NULL, NULL),
(9, 973, 97338, 'PITOGO', NULL, NULL, NULL, NULL, NULL, NULL),
(9, 973, 97340, 'SOMINOT (DON MARIANO MARCOS)', NULL, NULL, NULL, NULL, NULL, NULL),
(9, 973, 97341, 'VINCENZO A. SAGUN', NULL, NULL, NULL, NULL, NULL, NULL),
(9, 973, 97343, 'GUIPOS', NULL, NULL, NULL, NULL, NULL, NULL),
(9, 973, 97344, 'TIGBAO', NULL, NULL, NULL, NULL, NULL, NULL),
(9, 983, 98301, 'ALICIA', NULL, NULL, NULL, NULL, NULL, NULL),
(9, 983, 98302, 'BUUG', NULL, NULL, NULL, NULL, NULL, NULL),
(9, 983, 98303, 'DIPLAHAN', NULL, NULL, NULL, NULL, NULL, NULL),
(9, 983, 98304, 'IMELDA', NULL, NULL, NULL, NULL, NULL, NULL),
(9, 983, 98305, 'IPIL', NULL, NULL, NULL, NULL, NULL, NULL),
(9, 983, 98306, 'KABASALAN', NULL, NULL, NULL, NULL, NULL, NULL),
(9, 983, 98307, 'MABUHAY', NULL, NULL, NULL, NULL, NULL, NULL),
(9, 983, 98308, 'MALANGAS', NULL, NULL, NULL, NULL, NULL, NULL),
(9, 983, 98309, 'NAGA', NULL, NULL, NULL, NULL, NULL, NULL),
(9, 983, 98310, 'OLUTANGA', NULL, NULL, NULL, NULL, NULL, NULL),
(9, 983, 98311, 'PAYAO', NULL, NULL, NULL, NULL, NULL, NULL),
(9, 983, 98312, 'ROSELLER LIM', NULL, NULL, NULL, NULL, NULL, NULL),
(9, 983, 98313, 'SIAY', NULL, NULL, NULL, NULL, NULL, NULL),
(9, 983, 98314, 'TALUSAN', NULL, NULL, NULL, NULL, NULL, NULL),
(9, 983, 98315, 'TITAY', NULL, NULL, NULL, NULL, NULL, NULL),
(9, 983, 98316, 'TUNGAWAN', NULL, NULL, NULL, NULL, NULL, NULL),
(9, 997, 99701, 'CITY OF ISABELA (Capital)', NULL, NULL, NULL, NULL, NULL, NULL),
(10, 1013, 101301, 'BAUNGON', NULL, NULL, NULL, NULL, NULL, NULL),
(10, 1013, 101302, 'DAMULOG', NULL, NULL, NULL, NULL, NULL, NULL),
(10, 1013, 101303, 'DANGCAGAN', NULL, NULL, NULL, NULL, NULL, NULL),
(10, 1013, 101304, 'DON CARLOS', NULL, NULL, NULL, NULL, NULL, NULL),
(10, 1013, 101305, 'IMPASUG-ONG', NULL, NULL, NULL, NULL, NULL, NULL),
(10, 1013, 101306, 'KADINGILAN', NULL, NULL, NULL, NULL, NULL, NULL),
(10, 1013, 101307, 'KALILANGAN', NULL, NULL, NULL, NULL, NULL, NULL),
(10, 1013, 101308, 'KIBAWE', NULL, NULL, NULL, NULL, NULL, NULL),
(10, 1013, 101309, 'KITAOTAO', NULL, NULL, NULL, NULL, NULL, NULL),
(10, 1013, 101310, 'LANTAPAN', NULL, NULL, NULL, NULL, NULL, NULL),
(10, 1013, 101311, 'LIBONA', NULL, NULL, NULL, NULL, NULL, NULL),
(10, 1013, 101312, 'CITY MALAYBALAY (Capital)', NULL, NULL, NULL, NULL, NULL, NULL),
(10, 1013, 101313, 'MALITBOG', NULL, NULL, NULL, NULL, NULL, NULL),
(10, 1013, 101314, 'MANOLO FORTICH', NULL, NULL, NULL, NULL, NULL, NULL),
(10, 1013, 101315, 'MARAMAG', NULL, NULL, NULL, NULL, NULL, NULL),
(10, 1013, 101316, 'PANGANTUCAN', NULL, NULL, NULL, NULL, NULL, NULL),
(10, 1013, 101317, 'QUEZON', NULL, NULL, NULL, NULL, NULL, NULL),
(10, 1013, 101318, 'SAN FERNANDO', NULL, NULL, NULL, NULL, NULL, NULL),
(10, 1013, 101319, 'SUMILAO', NULL, NULL, NULL, NULL, NULL, NULL),
(10, 1013, 101320, 'TALAKAG', NULL, NULL, NULL, NULL, NULL, NULL),
(10, 1013, 101321, 'CITY OF VALENCIA', NULL, NULL, NULL, NULL, NULL, NULL),
(10, 1013, 101322, 'CABANGLASAN', NULL, NULL, NULL, NULL, NULL, NULL),
(10, 1018, 101801, 'CATARMAN', NULL, NULL, NULL, NULL, NULL, NULL),
(10, 1018, 101802, 'GUINSILIBAN', NULL, NULL, NULL, NULL, NULL, NULL),
(10, 1018, 101803, 'MAHINOG', NULL, NULL, NULL, NULL, NULL, NULL),
(10, 1018, 101804, 'MAMBAJAO (Capital)', NULL, NULL, NULL, NULL, NULL, NULL),
(10, 1018, 101805, 'SAGAY', NULL, NULL, NULL, NULL, NULL, NULL),
(10, 1035, 103501, 'BACOLOD', NULL, NULL, NULL, NULL, NULL, NULL),
(10, 1035, 103502, 'BALOI', NULL, NULL, NULL, NULL, NULL, NULL),
(10, 1035, 103503, 'BAROY', NULL, NULL, NULL, NULL, NULL, NULL),
(10, 1035, 103504, 'ILIGAN CITY', NULL, NULL, NULL, NULL, NULL, NULL),
(10, 1035, 103505, 'KAPATAGAN', NULL, NULL, NULL, NULL, NULL, NULL),
(10, 1035, 103506, 'SULTAN NAGA DIMAPORO (KAROMATAN)', NULL, NULL, NULL, NULL, NULL, NULL),
(10, 1035, 103507, 'KAUSWAGAN', NULL, NULL, NULL, NULL, NULL, NULL),
(10, 1035, 103508, 'KOLAMBUGAN', NULL, NULL, NULL, NULL, NULL, NULL),
(10, 1035, 103509, 'LALA', NULL, NULL, NULL, NULL, NULL, NULL),
(10, 1035, 103510, 'LINAMON', NULL, NULL, NULL, NULL, NULL, NULL),
(10, 1035, 103511, 'MAGSAYSAY', NULL, NULL, NULL, NULL, NULL, NULL),
(10, 1035, 103512, 'MAIGO', NULL, NULL, NULL, NULL, NULL, NULL),
(10, 1035, 103513, 'MATUNGAO', NULL, NULL, NULL, NULL, NULL, NULL),
(10, 1035, 103514, 'MUNAI', NULL, NULL, NULL, NULL, NULL, NULL),
(10, 1035, 103515, 'NUNUNGAN', NULL, NULL, NULL, NULL, NULL, NULL),
(10, 1035, 103516, 'PANTAO RAGAT', NULL, NULL, NULL, NULL, NULL, NULL),
(10, 1035, 103517, 'POONA PIAGAPO', NULL, NULL, NULL, NULL, NULL, NULL),
(10, 1035, 103518, 'SALVADOR', NULL, NULL, NULL, NULL, NULL, NULL),
(10, 1035, 103519, 'SAPAD', NULL, NULL, NULL, NULL, NULL, NULL),
(10, 1035, 103520, 'TAGOLOAN', NULL, NULL, NULL, NULL, NULL, NULL),
(10, 1035, 103521, 'TANGCAL', NULL, NULL, NULL, NULL, NULL, NULL),
(10, 1035, 103522, 'TUBOD (Capital)', NULL, NULL, NULL, NULL, NULL, NULL),
(10, 1035, 103523, 'PANTAR', NULL, NULL, NULL, NULL, NULL, NULL),
(10, 1042, 104201, 'ALORAN', NULL, NULL, NULL, NULL, NULL, NULL),
(10, 1042, 104202, 'BALIANGAO', NULL, NULL, NULL, NULL, NULL, NULL),
(10, 1042, 104203, 'BONIFACIO', NULL, NULL, NULL, NULL, NULL, NULL),
(10, 1042, 104204, 'CALAMBA', NULL, NULL, NULL, NULL, NULL, NULL),
(10, 1042, 104205, 'CLARIN', NULL, NULL, NULL, NULL, NULL, NULL),
(10, 1042, 104206, 'CONCEPCION', NULL, NULL, NULL, NULL, NULL, NULL),
(10, 1042, 104207, 'JIMENEZ', NULL, NULL, NULL, NULL, NULL, NULL),
(10, 1042, 104208, 'LOPEZ JAENA', NULL, NULL, NULL, NULL, NULL, NULL),
(10, 1042, 104209, 'OROQUIETA CITY (Capital)', NULL, NULL, NULL, NULL, NULL, NULL),
(10, 1042, 104210, 'OZAMIS CITY', NULL, NULL, NULL, NULL, NULL, NULL),
(10, 1042, 104211, 'PANAON', NULL, NULL, NULL, NULL, NULL, NULL),
(10, 1042, 104212, 'PLARIDEL', NULL, NULL, NULL, NULL, NULL, NULL),
(10, 1042, 104213, 'SAPANG DALAGA', NULL, NULL, NULL, NULL, NULL, NULL),
(10, 1042, 104214, 'SINACABAN', NULL, NULL, NULL, NULL, NULL, NULL),
(10, 1042, 104215, 'TANGUB CITY', NULL, NULL, NULL, NULL, NULL, NULL),
(10, 1042, 104216, 'TUDELA', NULL, NULL, NULL, NULL, NULL, NULL),
(10, 1042, 104217, 'DON VICTORIANO CHIONGBIAN', NULL, NULL, NULL, NULL, NULL, NULL),
(10, 1043, 104301, 'ALUBIJID', NULL, NULL, NULL, NULL, NULL, NULL),
(10, 1043, 104302, 'BALINGASAG', NULL, NULL, NULL, NULL, NULL, NULL),
(10, 1043, 104303, 'BALINGOAN', NULL, NULL, NULL, NULL, NULL, NULL),
(10, 1043, 104304, 'BINUANGAN', NULL, NULL, NULL, NULL, NULL, NULL),
(10, 1043, 104305, 'CAGAYAN DE ORO CITY (Capital)', NULL, NULL, NULL, NULL, NULL, NULL),
(10, 1043, 104306, 'CLAVERIA', NULL, NULL, NULL, NULL, NULL, NULL),
(10, 1043, 104307, 'EL SALVADOR', NULL, NULL, NULL, NULL, NULL, NULL),
(10, 1043, 104308, 'GINGOOG CITY', NULL, NULL, NULL, NULL, NULL, NULL),
(10, 1043, 104309, 'GITAGUM', NULL, NULL, NULL, NULL, NULL, NULL),
(10, 1043, 104310, 'INITAO', NULL, NULL, NULL, NULL, NULL, NULL),
(10, 1043, 104311, 'JASAAN', NULL, NULL, NULL, NULL, NULL, NULL),
(10, 1043, 104312, 'KINOGUITAN', NULL, NULL, NULL, NULL, NULL, NULL),
(10, 1043, 104313, 'LAGONGLONG', NULL, NULL, NULL, NULL, NULL, NULL),
(10, 1043, 104314, 'LAGUINDINGAN', NULL, NULL, NULL, NULL, NULL, NULL),
(10, 1043, 104315, 'LIBERTAD', NULL, NULL, NULL, NULL, NULL, NULL),
(10, 1043, 104316, 'LUGAIT', NULL, NULL, NULL, NULL, NULL, NULL),
(10, 1043, 104317, 'MAGSAYSAY (LINUGOS)', NULL, NULL, NULL, NULL, NULL, NULL),
(10, 1043, 104318, 'MANTICAO', NULL, NULL, NULL, NULL, NULL, NULL),
(10, 1043, 104319, 'MEDINA', NULL, NULL, NULL, NULL, NULL, NULL),
(10, 1043, 104320, 'NAAWAN', NULL, NULL, NULL, NULL, NULL, NULL),
(10, 1043, 104321, 'OPOL', NULL, NULL, NULL, NULL, NULL, NULL),
(10, 1043, 104322, 'SALAY', NULL, NULL, NULL, NULL, NULL, NULL),
(10, 1043, 104323, 'SUGBONGCOGON', NULL, NULL, NULL, NULL, NULL, NULL),
(10, 1043, 104324, 'TAGOLOAN', NULL, NULL, NULL, NULL, NULL, NULL),
(10, 1043, 104325, 'TALISAYAN', NULL, NULL, NULL, NULL, NULL, NULL),
(10, 1043, 104326, 'VILLANUEVA', NULL, NULL, NULL, NULL, NULL, NULL),
(11, 1123, 112301, 'ASUNCION (SAUG)', NULL, NULL, NULL, NULL, NULL, NULL),
(11, 1123, 112303, 'CARMEN', NULL, NULL, NULL, NULL, NULL, NULL),
(11, 1123, 112305, 'KAPALONG', NULL, NULL, NULL, NULL, NULL, NULL),
(11, 1123, 112314, 'NEW CORELLA', NULL, NULL, NULL, NULL, NULL, NULL),
(11, 1123, 112315, 'CITY OF PANABO', NULL, NULL, NULL, NULL, NULL, NULL),
(11, 1123, 112317, 'ISLAND GARDEN CITY OF SAMAL', NULL, NULL, NULL, NULL, NULL, NULL),
(11, 1123, 112318, 'SANTO TOMAS', NULL, NULL, NULL, NULL, NULL, NULL),
(11, 1123, 112319, 'CITY OF TAGUM (Capital)', NULL, NULL, NULL, NULL, NULL, NULL),
(11, 1123, 112322, 'TALAINGOD', NULL, NULL, NULL, NULL, NULL, NULL),
(11, 1123, 112323, 'BRAULIO E. DUJALI', NULL, NULL, NULL, NULL, NULL, NULL),
(11, 1123, 112324, 'SAN ISIDRO', NULL, NULL, NULL, NULL, NULL, NULL),
(11, 1124, 112401, 'BANSALAN', NULL, NULL, NULL, NULL, NULL, NULL),
(11, 1124, 112402, 'DAVAO CITY', NULL, NULL, NULL, NULL, NULL, NULL),
(11, 1124, 112403, 'CITY OF DIGOS (Capital)', NULL, NULL, NULL, NULL, NULL, NULL),
(11, 1124, 112404, 'HAGONOY', NULL, NULL, NULL, NULL, NULL, NULL),
(11, 1124, 112405, 'JOSE ABAD SANTOS (TRINIDAD)', NULL, NULL, NULL, NULL, NULL, NULL),
(11, 1124, 112406, 'KIBLAWAN', NULL, NULL, NULL, NULL, NULL, NULL),
(11, 1124, 112407, 'MAGSAYSAY', NULL, NULL, NULL, NULL, NULL, NULL),
(11, 1124, 112408, 'MALALAG', NULL, NULL, NULL, NULL, NULL, NULL),
(11, 1124, 112409, 'MALITA', NULL, NULL, NULL, NULL, NULL, NULL),
(11, 1124, 112410, 'MATANAO', NULL, NULL, NULL, NULL, NULL, NULL),
(11, 1124, 112411, 'PADADA', NULL, NULL, NULL, NULL, NULL, NULL),
(11, 1124, 112412, 'SANTA CRUZ', NULL, NULL, NULL, NULL, NULL, NULL),
(11, 1124, 112413, 'SANTA MARIA', NULL, NULL, NULL, NULL, NULL, NULL),
(11, 1124, 112414, 'SULOP', NULL, NULL, NULL, NULL, NULL, NULL),
(11, 1124, 112415, 'SARANGANI', NULL, NULL, NULL, NULL, NULL, NULL),
(11, 1124, 112416, 'DON MARCELINO', NULL, NULL, NULL, NULL, NULL, NULL),
(11, 1125, 112501, 'BAGANGA', NULL, NULL, NULL, NULL, NULL, NULL),
(11, 1125, 112502, 'BANAYBANAY', NULL, NULL, NULL, NULL, NULL, NULL),
(11, 1125, 112503, 'BOSTON', NULL, NULL, NULL, NULL, NULL, NULL),
(11, 1125, 112504, 'CARAGA', NULL, NULL, NULL, NULL, NULL, NULL),
(11, 1125, 112505, 'CATEEL', NULL, NULL, NULL, NULL, NULL, NULL),
(11, 1125, 112506, 'GOVERNOR GENEROSO', NULL, NULL, NULL, NULL, NULL, NULL),
(11, 1125, 112507, 'LUPON', NULL, NULL, NULL, NULL, NULL, NULL),
(11, 1125, 112508, 'MANAY', NULL, NULL, NULL, NULL, NULL, NULL),
(11, 1125, 112509, 'MATI (Capital)', NULL, NULL, NULL, NULL, NULL, NULL),
(11, 1125, 112510, 'SAN ISIDRO', NULL, NULL, NULL, NULL, NULL, NULL),
(11, 1125, 112511, 'TARRAGONA', NULL, NULL, NULL, NULL, NULL, NULL),
(11, 1182, 118201, 'COMPOSTELA', NULL, NULL, NULL, NULL, NULL, NULL),
(11, 1182, 118202, 'LAAK (SAN VICENTE)', NULL, NULL, NULL, NULL, NULL, NULL),
(11, 1182, 118203, 'MABINI (DO?A ALICIA)', NULL, NULL, NULL, NULL, NULL, NULL),
(11, 1182, 118204, 'MACO', NULL, NULL, NULL, NULL, NULL, NULL),
(11, 1182, 118205, 'MARAGUSAN (SAN MARIANO)', NULL, NULL, NULL, NULL, NULL, NULL),
(11, 1182, 118206, 'MAWAB', NULL, NULL, NULL, NULL, NULL, NULL),
(11, 1182, 118207, 'MONKAYO', NULL, NULL, NULL, NULL, NULL, NULL),
(11, 1182, 118208, 'MONTEVISTA', NULL, NULL, NULL, NULL, NULL, NULL),
(11, 1182, 118209, 'NABUNTURAN (Capital)', NULL, NULL, NULL, NULL, NULL, NULL),
(11, 1182, 118210, 'NEW BATAAN', NULL, NULL, NULL, NULL, NULL, NULL),
(11, 1182, 118211, 'PANTUKAN', NULL, NULL, NULL, NULL, NULL, NULL),
(12, 1247, 124701, 'ALAMADA', NULL, NULL, NULL, NULL, NULL, NULL),
(12, 1247, 124702, 'CARMEN', NULL, NULL, NULL, NULL, NULL, NULL),
(12, 1247, 124703, 'KABACAN', NULL, NULL, NULL, NULL, NULL, NULL),
(12, 1247, 124704, 'CITY OF KIDAPAWAN (Capital)', NULL, NULL, NULL, NULL, NULL, NULL),
(12, 1247, 124705, 'LIBUNGAN', NULL, NULL, NULL, NULL, NULL, NULL),
(12, 1247, 124706, 'MAGPET', NULL, NULL, NULL, NULL, NULL, NULL),
(12, 1247, 124707, 'MAKILALA', NULL, NULL, NULL, NULL, NULL, NULL),
(12, 1247, 124708, 'MATALAM', NULL, NULL, NULL, NULL, NULL, NULL),
(12, 1247, 124709, 'MIDSAYAP', NULL, NULL, NULL, NULL, NULL, NULL),
(12, 1247, 124710, 'M''LANG', NULL, NULL, NULL, NULL, NULL, NULL),
(12, 1247, 124711, 'PIGKAWAYAN', NULL, NULL, NULL, NULL, NULL, NULL),
(12, 1247, 124712, 'PIKIT', NULL, NULL, NULL, NULL, NULL, NULL),
(12, 1247, 124713, 'PRESIDENT ROXAS', NULL, NULL, NULL, NULL, NULL, NULL),
(12, 1247, 124714, 'TULUNAN', NULL, NULL, NULL, NULL, NULL, NULL),
(12, 1247, 124715, 'ANTIPAS', NULL, NULL, NULL, NULL, NULL, NULL),
(12, 1247, 124716, 'BANISILAN', NULL, NULL, NULL, NULL, NULL, NULL),
(12, 1247, 124717, 'ALEOSAN', NULL, NULL, NULL, NULL, NULL, NULL),
(12, 1247, 124718, 'ARAKAN', NULL, NULL, NULL, NULL, NULL, NULL),
(12, 1247, 124719, 'COTABATO CITY <POBLACION>', NULL, NULL, NULL, NULL, NULL, NULL),
(12, 1263, 126302, 'BANGA', NULL, NULL, NULL, NULL, NULL, NULL),
(12, 1263, 126303, 'GENERAL SANTOS CITY (DADIANGAS)', NULL, NULL, NULL, NULL, NULL, NULL),
(12, 1263, 126306, 'CITY OF KORONADAL (Capital)', NULL, NULL, NULL, NULL, NULL, NULL),
(12, 1263, 126311, 'NORALA', NULL, NULL, NULL, NULL, NULL, NULL),
(12, 1263, 126312, 'POLOMOLOK', NULL, NULL, NULL, NULL, NULL, NULL),
(12, 1263, 126313, 'SURALLAH', NULL, NULL, NULL, NULL, NULL, NULL),
(12, 1263, 126314, 'TAMPAKAN', NULL, NULL, NULL, NULL, NULL, NULL),
(12, 1263, 126315, 'TANTANGAN', NULL, NULL, NULL, NULL, NULL, NULL),
(12, 1263, 126316, 'T''BOLI', NULL, NULL, NULL, NULL, NULL, NULL),
(12, 1263, 126317, 'TUPI', NULL, NULL, NULL, NULL, NULL, NULL),
(12, 1263, 126318, 'SANTO NI?O', NULL, NULL, NULL, NULL, NULL, NULL),
(12, 1263, 126319, 'LAKE SEBU', NULL, NULL, NULL, NULL, NULL, NULL),
(12, 1265, 126501, 'BAGUMBAYAN', NULL, NULL, NULL, NULL, NULL, NULL),
(12, 1265, 126502, 'COLUMBIO', NULL, NULL, NULL, NULL, NULL, NULL),
(12, 1265, 126503, 'ESPERANZA', NULL, NULL, NULL, NULL, NULL, NULL),
(12, 1265, 126504, 'ISULAN (Capital)', NULL, NULL, NULL, NULL, NULL, NULL),
(12, 1265, 126505, 'KALAMANSIG', NULL, NULL, NULL, NULL, NULL, NULL),
(12, 1265, 126506, 'LEBAK', NULL, NULL, NULL, NULL, NULL, NULL),
(12, 1265, 126507, 'LUTAYAN', NULL, NULL, NULL, NULL, NULL, NULL),
(12, 1265, 126508, 'LAMBAYONG (MARIANO MARCOS)', NULL, NULL, NULL, NULL, NULL, NULL),
(12, 1265, 126509, 'PALIMBANG', NULL, NULL, NULL, NULL, NULL, NULL),
(12, 1265, 126510, 'PRESIDENT QUIRINO', NULL, NULL, NULL, NULL, NULL, NULL),
(12, 1265, 126511, 'CITY OF TACURONG', NULL, NULL, NULL, NULL, NULL, NULL),
(12, 1265, 126512, 'SEN. NINOY AQUINO', NULL, NULL, NULL, NULL, NULL, NULL),
(12, 1280, 128001, 'ALABEL (Capital)', NULL, NULL, NULL, NULL, NULL, NULL),
(12, 1280, 128002, 'GLAN', NULL, NULL, NULL, NULL, NULL, NULL),
(12, 1280, 128003, 'KIAMBA', NULL, NULL, NULL, NULL, NULL, NULL),
(12, 1280, 128004, 'MAASIM', NULL, NULL, NULL, NULL, NULL, NULL),
(12, 1280, 128005, 'MAITUM', NULL, NULL, NULL, NULL, NULL, NULL),
(12, 1280, 128006, 'MALAPATAN', NULL, NULL, NULL, NULL, NULL, NULL),
(12, 1280, 128007, 'MALUNGON', NULL, NULL, NULL, NULL, NULL, NULL),
(12, 1298, 129804, 'COTABATO ', NULL, NULL, NULL, NULL, NULL, NULL),
(13, 1339, 133900, 'CITY OF MANILA', NULL, NULL, NULL, NULL, NULL, NULL),
(13, 1339, 133901, 'TONDO I / II', NULL, NULL, NULL, NULL, NULL, NULL),
(13, 1339, 133902, 'BINONDO', NULL, NULL, NULL, NULL, NULL, NULL),
(13, 1339, 133903, 'QUIAPO', NULL, NULL, NULL, NULL, NULL, NULL),
(13, 1339, 133904, 'SAN NICOLAS', NULL, NULL, NULL, NULL, NULL, NULL),
(13, 1339, 133905, 'SANTA CRUZ', NULL, NULL, NULL, NULL, NULL, NULL),
(13, 1339, 133906, 'SAMPALOC', NULL, NULL, NULL, NULL, NULL, NULL),
(13, 1339, 133907, 'SAN MIGUEL', NULL, NULL, NULL, NULL, NULL, NULL),
(13, 1339, 133908, 'ERMITA', NULL, NULL, NULL, NULL, NULL, NULL),
(13, 1339, 133909, 'INTRAMUROS', NULL, NULL, NULL, NULL, NULL, NULL),
(13, 1339, 133910, 'MALATE', NULL, NULL, NULL, NULL, NULL, NULL),
(13, 1339, 133911, 'PACO', NULL, NULL, NULL, NULL, NULL, NULL),
(13, 1339, 133912, 'PANDACAN', NULL, NULL, NULL, NULL, NULL, NULL),
(13, 1339, 133913, 'PORT AREA', NULL, NULL, NULL, NULL, NULL, NULL),
(13, 1339, 133914, 'SANTA ANA', NULL, NULL, NULL, NULL, NULL, NULL),
(13, 1339, 137401, 'CITY OF MANDALUYONG', NULL, NULL, NULL, NULL, NULL, NULL),
(13, 1339, 137402, 'CITY OF MARIKINA', NULL, NULL, NULL, NULL, NULL, NULL),
(13, 1339, 137403, 'CITY OF PASIG', NULL, NULL, NULL, NULL, NULL, NULL),
(13, 1339, 137404, 'QUEZON CITY', NULL, NULL, NULL, NULL, NULL, NULL),
(13, 1339, 137405, 'SAN JUAN', NULL, NULL, NULL, NULL, NULL, NULL),
(13, 1339, 137501, 'KALOOKAN CITY', NULL, NULL, NULL, NULL, NULL, NULL),
(13, 1339, 137502, 'CITY OF MALABON', NULL, NULL, NULL, NULL, NULL, NULL),
(13, 1339, 137503, 'NAVOTAS', NULL, NULL, NULL, NULL, NULL, NULL),
(13, 1339, 137504, 'CITY OF VALENZUELA', NULL, NULL, NULL, NULL, NULL, NULL),
(13, 1339, 137601, 'CITY OF LAS PI?AS', NULL, NULL, NULL, NULL, NULL, NULL),
(13, 1339, 137602, 'CITY OF MAKATI', NULL, NULL, NULL, NULL, NULL, NULL),
(13, 1339, 137603, 'CITY OF MUNTINLUPA', NULL, NULL, NULL, NULL, NULL, NULL),
(13, 1339, 137604, 'CITY OF PARA?AQUE', NULL, NULL, NULL, NULL, NULL, NULL),
(13, 1339, 137605, 'PASAY CITY', NULL, NULL, NULL, NULL, NULL, NULL),
(13, 1339, 137606, 'PATEROS', NULL, NULL, NULL, NULL, NULL, NULL),
(13, 1339, 137607, 'TAGUIG', NULL, NULL, NULL, NULL, NULL, NULL),
(14, 1401, 140101, 'BANGUED (Capital)', NULL, NULL, NULL, NULL, NULL, NULL),
(14, 1401, 140102, 'BOLINEY', NULL, NULL, NULL, NULL, NULL, NULL),
(14, 1401, 140103, 'BUCAY', NULL, NULL, NULL, NULL, NULL, NULL),
(14, 1401, 140104, 'BUCLOC', NULL, NULL, NULL, NULL, NULL, NULL),
(14, 1401, 140105, 'DAGUIOMAN', NULL, NULL, NULL, NULL, NULL, NULL),
(14, 1401, 140106, 'DANGLAS', NULL, NULL, NULL, NULL, NULL, NULL),
(14, 1401, 140107, 'DOLORES', NULL, NULL, NULL, NULL, NULL, NULL),
(14, 1401, 140108, 'LA PAZ', NULL, NULL, NULL, NULL, NULL, NULL),
(14, 1401, 140109, 'LACUB', NULL, NULL, NULL, NULL, NULL, NULL),
(14, 1401, 140110, 'LAGANGILANG', NULL, NULL, NULL, NULL, NULL, NULL),
(14, 1401, 140111, 'LAGAYAN', NULL, NULL, NULL, NULL, NULL, NULL),
(14, 1401, 140112, 'LANGIDEN', NULL, NULL, NULL, NULL, NULL, NULL),
(14, 1401, 140113, 'LICUAN-BAAY (LICUAN)', NULL, NULL, NULL, NULL, NULL, NULL),
(14, 1401, 140114, 'LUBA', NULL, NULL, NULL, NULL, NULL, NULL),
(14, 1401, 140115, 'MALIBCONG', NULL, NULL, NULL, NULL, NULL, NULL),
(14, 1401, 140116, 'MANABO', NULL, NULL, NULL, NULL, NULL, NULL),
(14, 1401, 140117, 'PE?ARRUBIA', NULL, NULL, NULL, NULL, NULL, NULL),
(14, 1401, 140118, 'PIDIGAN', NULL, NULL, NULL, NULL, NULL, NULL),
(14, 1401, 140119, 'PILAR', NULL, NULL, NULL, NULL, NULL, NULL),
(14, 1401, 140120, 'SALLAPADAN', NULL, NULL, NULL, NULL, NULL, NULL),
(14, 1401, 140121, 'SAN ISIDRO', NULL, NULL, NULL, NULL, NULL, NULL),
(14, 1401, 140122, 'SAN JUAN', NULL, NULL, NULL, NULL, NULL, NULL),
(14, 1401, 140123, 'SAN QUINTIN', NULL, NULL, NULL, NULL, NULL, NULL),
(14, 1401, 140124, 'TAYUM', NULL, NULL, NULL, NULL, NULL, NULL),
(14, 1401, 140125, 'TINEG', NULL, NULL, NULL, NULL, NULL, NULL),
(14, 1401, 140126, 'TUBO', NULL, NULL, NULL, NULL, NULL, NULL),
(14, 1401, 140127, 'VILLAVICIOSA', NULL, NULL, NULL, NULL, NULL, NULL),
(14, 1411, 141101, 'ATOK', NULL, NULL, NULL, NULL, NULL, NULL),
(14, 1411, 141102, 'BAGUIO CITY', NULL, NULL, NULL, NULL, NULL, NULL),
(14, 1411, 141103, 'BAKUN', NULL, NULL, NULL, NULL, NULL, NULL),
(14, 1411, 141104, 'BOKOD', NULL, NULL, NULL, NULL, NULL, NULL),
(14, 1411, 141105, 'BUGUIAS', NULL, NULL, NULL, NULL, NULL, NULL),
(14, 1411, 141106, 'ITOGON', NULL, NULL, NULL, NULL, NULL, NULL),
(14, 1411, 141107, 'KABAYAN', NULL, NULL, NULL, NULL, NULL, NULL),
(14, 1411, 141108, 'KAPANGAN', NULL, NULL, NULL, NULL, NULL, NULL),
(14, 1411, 141109, 'KIBUNGAN', NULL, NULL, NULL, NULL, NULL, NULL),
(14, 1411, 141110, 'LA TRINIDAD (Capital)', NULL, NULL, NULL, NULL, NULL, NULL),
(14, 1411, 141111, 'MANKAYAN', NULL, NULL, NULL, NULL, NULL, NULL),
(14, 1411, 141112, 'SABLAN', NULL, NULL, NULL, NULL, NULL, NULL),
(14, 1411, 141113, 'TUBA', NULL, NULL, NULL, NULL, NULL, NULL),
(14, 1411, 141114, 'TUBLAY', NULL, NULL, NULL, NULL, NULL, NULL),
(14, 1427, 142701, 'BANAUE', NULL, NULL, NULL, NULL, NULL, NULL),
(14, 1427, 142702, 'HUNGDUAN', NULL, NULL, NULL, NULL, NULL, NULL),
(14, 1427, 142703, 'KIANGAN', NULL, NULL, NULL, NULL, NULL, NULL),
(14, 1427, 142704, 'LAGAWE (Capital)', NULL, NULL, NULL, NULL, NULL, NULL),
(14, 1427, 142705, 'LAMUT', NULL, NULL, NULL, NULL, NULL, NULL),
(14, 1427, 142706, 'MAYOYAO', NULL, NULL, NULL, NULL, NULL, NULL),
(14, 1427, 142707, 'ALFONSO LISTA (POTIA)', NULL, NULL, NULL, NULL, NULL, NULL),
(14, 1427, 142708, 'AGUINALDO', NULL, NULL, NULL, NULL, NULL, NULL),
(14, 1427, 142709, 'HINGYON', NULL, NULL, NULL, NULL, NULL, NULL),
(14, 1427, 142710, 'TINOC', NULL, NULL, NULL, NULL, NULL, NULL),
(14, 1427, 142711, 'ASIPULO', NULL, NULL, NULL, NULL, NULL, NULL),
(14, 1432, 143201, 'BALBALAN', NULL, NULL, NULL, NULL, NULL, NULL),
(14, 1432, 143206, 'LUBUAGAN', NULL, NULL, NULL, NULL, NULL, NULL),
(14, 1432, 143208, 'PASIL', NULL, NULL, NULL, NULL, NULL, NULL),
(14, 1432, 143209, 'PINUKPUK', NULL, NULL, NULL, NULL, NULL, NULL),
(14, 1432, 143211, 'RIZAL (LIWAN)', NULL, NULL, NULL, NULL, NULL, NULL),
(14, 1432, 143213, 'TABUK (Capital)', NULL, NULL, NULL, NULL, NULL, NULL),
(14, 1432, 143214, 'TANUDAN', NULL, NULL, NULL, NULL, NULL, NULL),
(14, 1432, 143215, 'TINGLAYAN', NULL, NULL, NULL, NULL, NULL, NULL),
(14, 1444, 144401, 'BARLIG', NULL, NULL, NULL, NULL, NULL, NULL),
(14, 1444, 144402, 'BAUKO', NULL, NULL, NULL, NULL, NULL, NULL),
(14, 1444, 144403, 'BESAO', NULL, NULL, NULL, NULL, NULL, NULL),
(14, 1444, 144404, 'BONTOC (Capital)', NULL, NULL, NULL, NULL, NULL, NULL),
(14, 1444, 144405, 'NATONIN', NULL, NULL, NULL, NULL, NULL, NULL),
(14, 1444, 144406, 'PARACELIS', NULL, NULL, NULL, NULL, NULL, NULL),
(14, 1444, 144407, 'SABANGAN', NULL, NULL, NULL, NULL, NULL, NULL),
(14, 1444, 144408, 'SADANGA', NULL, NULL, NULL, NULL, NULL, NULL),
(14, 1444, 144409, 'SAGADA', NULL, NULL, NULL, NULL, NULL, NULL),
(14, 1444, 144410, 'TADIAN', NULL, NULL, NULL, NULL, NULL, NULL),
(14, 1481, 148101, 'CALANASAN (BAYAG)', NULL, NULL, NULL, NULL, NULL, NULL),
(14, 1481, 148102, 'CONNER', NULL, NULL, NULL, NULL, NULL, NULL),
(14, 1481, 148103, 'FLORA', NULL, NULL, NULL, NULL, NULL, NULL),
(14, 1481, 148104, 'KABUGAO (Capital)', NULL, NULL, NULL, NULL, NULL, NULL),
(14, 1481, 148105, 'LUNA', NULL, NULL, NULL, NULL, NULL, NULL),
(14, 1481, 148106, 'PUDTOL', NULL, NULL, NULL, NULL, NULL, NULL),
(14, 1481, 148107, 'SANTA MARCELA', NULL, NULL, NULL, NULL, NULL, NULL),
(15, 1507, 150702, 'LAMITAN', NULL, NULL, NULL, NULL, NULL, NULL),
(15, 1507, 150703, 'LANTAWAN', NULL, NULL, NULL, NULL, NULL, NULL),
(15, 1507, 150704, 'MALUSO', NULL, NULL, NULL, NULL, NULL, NULL),
(15, 1507, 150705, 'SUMISIP', NULL, NULL, NULL, NULL, NULL, NULL),
(15, 1507, 150706, 'TIPO-TIPO', NULL, NULL, NULL, NULL, NULL, NULL),
(15, 1507, 150707, 'TUBURAN', NULL, NULL, NULL, NULL, NULL, NULL),
(15, 1507, 150708, 'AKBAR', NULL, NULL, NULL, NULL, NULL, NULL),
(15, 1507, 150709, 'AL-BARKA', NULL, NULL, NULL, NULL, NULL, NULL),
(15, 1507, 150710, 'HADJI MOHAMMAD AJUL', NULL, NULL, NULL, NULL, NULL, NULL),
(15, 1507, 150711, 'UNGKAYA PUKAN', NULL, NULL, NULL, NULL, NULL, NULL),
(15, 1507, 150712, 'HADJI MUHTAMAD', NULL, NULL, NULL, NULL, NULL, NULL),
(15, 1536, 153601, 'BACOLOD-KALAWI (BACOLOD GRANDE)', NULL, NULL, NULL, NULL, NULL, NULL),
(15, 1536, 153602, 'BALABAGAN', NULL, NULL, NULL, NULL, NULL, NULL),
(15, 1536, 153603, 'BALINDONG (WATU)', NULL, NULL, NULL, NULL, NULL, NULL),
(15, 1536, 153604, 'BAYANG', NULL, NULL, NULL, NULL, NULL, NULL),
(15, 1536, 153605, 'BINIDAYAN', NULL, NULL, NULL, NULL, NULL, NULL),
(15, 1536, 153606, 'BUBONG', NULL, NULL, NULL, NULL, NULL, NULL),
(15, 1536, 153607, 'BUTIG', NULL, NULL, NULL, NULL, NULL, NULL),
(15, 1536, 153609, 'GANASSI', NULL, NULL, NULL, NULL, NULL, NULL),
(15, 1536, 153610, 'KAPAI', NULL, NULL, NULL, NULL, NULL, NULL),
(15, 1536, 153611, 'LUMBA-BAYABAO (MAGUING)', NULL, NULL, NULL, NULL, NULL, NULL),
(15, 1536, 153612, 'LUMBATAN', NULL, NULL, NULL, NULL, NULL, NULL),
(15, 1536, 153613, 'MADALUM', NULL, NULL, NULL, NULL, NULL, NULL),
(15, 1536, 153614, 'MADAMBA', NULL, NULL, NULL, NULL, NULL, NULL),
(15, 1536, 153615, 'MALABANG', NULL, NULL, NULL, NULL, NULL, NULL),
(15, 1536, 153616, 'MARANTAO', NULL, NULL, NULL, NULL, NULL, NULL),
(15, 1536, 153617, 'MARAWI CITY', NULL, NULL, NULL, NULL, NULL, NULL),
(15, 1536, 153618, 'MASIU', NULL, NULL, NULL, NULL, NULL, NULL),
(15, 1536, 153619, 'MULONDO', NULL, NULL, NULL, NULL, NULL, NULL),
(15, 1536, 153620, 'PAGAYAWAN (TATARIKAN)', NULL, NULL, NULL, NULL, NULL, NULL),
(15, 1536, 153621, 'PIAGAPO', NULL, NULL, NULL, NULL, NULL, NULL),
(15, 1536, 153622, 'POONA BAYABAO (GATA)', NULL, NULL, NULL, NULL, NULL, NULL),
(15, 1536, 153623, 'PUALAS', NULL, NULL, NULL, NULL, NULL, NULL),
(15, 1536, 153624, 'DITSAAN-RAMAIN', NULL, NULL, NULL, NULL, NULL, NULL),
(15, 1536, 153625, 'SAGUIARAN', NULL, NULL, NULL, NULL, NULL, NULL),
(15, 1536, 153626, 'TAMPARAN', NULL, NULL, NULL, NULL, NULL, NULL),
(15, 1536, 153627, 'TARAKA', NULL, NULL, NULL, NULL, NULL, NULL),
(15, 1536, 153628, 'TUBARAN', NULL, NULL, NULL, NULL, NULL, NULL),
(15, 1536, 153629, 'TUGAYA', NULL, NULL, NULL, NULL, NULL, NULL),
(15, 1536, 153630, 'WAO', NULL, NULL, NULL, NULL, NULL, NULL),
(15, 1536, 153631, 'MAROGONG', NULL, NULL, NULL, NULL, NULL, NULL),
(15, 1536, 153632, 'CALANOGAS', NULL, NULL, NULL, NULL, NULL, NULL),
(15, 1536, 153633, 'BUADIPOSO-BUNTONG', NULL, NULL, NULL, NULL, NULL, NULL),
(15, 1536, 153634, 'MAGUING', NULL, NULL, NULL, NULL, NULL, NULL),
(15, 1536, 153635, 'SULTAN GUMANDER', NULL, NULL, NULL, NULL, NULL, NULL),
(15, 1536, 153636, 'LUMBAYANAGUE', NULL, NULL, NULL, NULL, NULL, NULL),
(15, 1536, 153637, 'BUMBARAN', NULL, NULL, NULL, NULL, NULL, NULL),
(15, 1536, 153638, 'TAGOLOAN II', NULL, NULL, NULL, NULL, NULL, NULL),
(15, 1536, 153639, 'KAPATAGAN', NULL, NULL, NULL, NULL, NULL, NULL),
(15, 1536, 153640, 'SULTAN DUMALONDONG', NULL, NULL, NULL, NULL, NULL, NULL),
(15, 1536, 153641, 'LUMBACA-UNAYAN', NULL, NULL, NULL, NULL, NULL, NULL),
(15, 1538, 153801, 'AMPATUAN', NULL, NULL, NULL, NULL, NULL, NULL),
(15, 1538, 153802, 'BULDON', NULL, NULL, NULL, NULL, NULL, NULL),
(15, 1538, 153803, 'BULUAN', NULL, NULL, NULL, NULL, NULL, NULL),
(15, 1538, 153805, 'DATU PAGLAS', NULL, NULL, NULL, NULL, NULL, NULL),
(15, 1538, 153806, 'DATU PIANG', NULL, NULL, NULL, NULL, NULL, NULL),
(15, 1538, 153807, 'DATU ODIN SINSUAT (DINAIG)', NULL, NULL, NULL, NULL, NULL, NULL),
(15, 1538, 153808, 'SHARIFF AGUAK (MAGANOY) (Capital)', NULL, NULL, NULL, NULL, NULL, NULL),
(15, 1538, 153809, 'MATANOG', NULL, NULL, NULL, NULL, NULL, NULL),
(15, 1538, 153810, 'PAGALUNGAN', NULL, NULL, NULL, NULL, NULL, NULL),
(15, 1538, 153811, 'PARANG', NULL, NULL, NULL, NULL, NULL, NULL),
(15, 1538, 153812, 'SULTAN KUDARAT (NULING)', NULL, NULL, NULL, NULL, NULL, NULL),
(15, 1538, 153813, 'SULTAN SA BARONGIS (LAMBAYONG)', NULL, NULL, NULL, NULL, NULL, NULL),
(15, 1538, 153814, 'KABUNTALAN (TUMBAO)', NULL, NULL, NULL, NULL, NULL, NULL),
(15, 1538, 153815, 'UPI', NULL, NULL, NULL, NULL, NULL, NULL),
(15, 1538, 153816, 'TALAYAN', NULL, NULL, NULL, NULL, NULL, NULL),
(15, 1538, 153817, 'SOUTH UPI', NULL, NULL, NULL, NULL, NULL, NULL),
(15, 1538, 153818, 'BARIRA', NULL, NULL, NULL, NULL, NULL, NULL),
(15, 1538, 153819, 'GEN. S. K. PENDATUN', NULL, NULL, NULL, NULL, NULL, NULL),
(15, 1538, 153820, 'MAMASAPANO', NULL, NULL, NULL, NULL, NULL, NULL),
(15, 1538, 153821, 'TALITAY', NULL, NULL, NULL, NULL, NULL, NULL),
(15, 1538, 153822, 'PAGAGAWAN', NULL, NULL, NULL, NULL, NULL, NULL),
(15, 1538, 153823, 'PAGLAT', NULL, NULL, NULL, NULL, NULL, NULL),
(15, 1538, 153824, 'SULTAN MASTURA', NULL, NULL, NULL, NULL, NULL, NULL),
(15, 1538, 153825, 'GUINDULUNGAN', NULL, NULL, NULL, NULL, NULL, NULL),
(15, 1538, 153826, 'DATU SAUDI-AMPATUAN', NULL, NULL, NULL, NULL, NULL, NULL),
(15, 1538, 153827, 'DATU UNSAY', NULL, NULL, NULL, NULL, NULL, NULL),
(15, 1538, 153828, 'DATU ABDULLAH SANGKI', NULL, NULL, NULL, NULL, NULL, NULL),
(15, 1538, 153829, 'RAJAH BUAYAN', NULL, NULL, NULL, NULL, NULL, NULL),
(15, 1538, 153831, 'DATU ANGGAL MIDTIMBANG', NULL, NULL, NULL, NULL, NULL, NULL),
(15, 1538, 153832, 'MANGUDADATU', NULL, NULL, NULL, NULL, NULL, NULL),
(15, 1538, 153833, 'PANDAG', NULL, NULL, NULL, NULL, NULL, NULL),
(15, 1566, 156601, 'INDANAN', NULL, NULL, NULL, NULL, NULL, NULL),
(15, 1566, 156602, 'JOLO (Capital)', NULL, NULL, NULL, NULL, NULL, NULL),
(15, 1566, 156603, 'KALINGALAN CALUANG', NULL, NULL, NULL, NULL, NULL, NULL),
(15, 1566, 156604, 'LUUK', NULL, NULL, NULL, NULL, NULL, NULL),
(15, 1566, 156605, 'MAIMBUNG', NULL, NULL, NULL, NULL, NULL, NULL),
(15, 1566, 156606, 'HADJI PANGLIMA TAHIL (MARUNGGAS)', NULL, NULL, NULL, NULL, NULL, NULL),
(15, 1566, 156607, 'OLD PANAMAO', NULL, NULL, NULL, NULL, NULL, NULL),
(15, 1566, 156608, 'PANGUTARAN', NULL, NULL, NULL, NULL, NULL, NULL),
(15, 1566, 156609, 'PARANG', NULL, NULL, NULL, NULL, NULL, NULL),
(15, 1566, 156610, 'PATA', NULL, NULL, NULL, NULL, NULL, NULL),
(15, 1566, 156611, 'PATIKUL', NULL, NULL, NULL, NULL, NULL, NULL),
(15, 1566, 156612, 'SIASI', NULL, NULL, NULL, NULL, NULL, NULL),
(15, 1566, 156613, 'TALIPAO', NULL, NULL, NULL, NULL, NULL, NULL),
(15, 1566, 156614, 'TAPUL', NULL, NULL, NULL, NULL, NULL, NULL),
(15, 1566, 156615, 'TONGKIL', NULL, NULL, NULL, NULL, NULL, NULL),
(15, 1566, 156616, 'PANGLIMA ESTINO (NEW PANAMAO)', NULL, NULL, NULL, NULL, NULL, NULL),
(15, 1566, 156617, 'LUGUS', NULL, NULL, NULL, NULL, NULL, NULL),
(15, 1566, 156618, 'PANDAMI', NULL, NULL, NULL, NULL, NULL, NULL),
(15, 1566, 156619, 'OMAR', NULL, NULL, NULL, NULL, NULL, NULL),
(15, 1570, 157001, 'PANGLIMA SUGALA (BALIMBING) (Capital)', NULL, NULL, NULL, NULL, NULL, NULL),
(15, 1570, 157002, 'BONGAO', NULL, NULL, NULL, NULL, NULL, NULL),
(15, 1570, 157003, 'MAPUN (CAGAYAN DE TAWI-TAWI)', NULL, NULL, NULL, NULL, NULL, NULL),
(15, 1570, 157004, 'SIMUNUL', NULL, NULL, NULL, NULL, NULL, NULL),
(15, 1570, 157005, 'SITANGKAI', NULL, NULL, NULL, NULL, NULL, NULL),
(15, 1570, 157006, 'SOUTH UBIAN', NULL, NULL, NULL, NULL, NULL, NULL),
(15, 1570, 157007, 'TANDUBAS', NULL, NULL, NULL, NULL, NULL, NULL),
(15, 1570, 157008, 'TURTLE ISLANDS', NULL, NULL, NULL, NULL, NULL, NULL),
(15, 1570, 157009, 'LANGUYAN', NULL, NULL, NULL, NULL, NULL, NULL),
(15, 1570, 157010, 'SAPA-SAPA', NULL, NULL, NULL, NULL, NULL, NULL),
(15, 1570, 157011, 'SIBUTU', NULL, NULL, NULL, NULL, NULL, NULL),
(15, 1584, 158401, 'BARIRA', NULL, NULL, NULL, NULL, NULL, NULL),
(15, 1584, 158402, 'BULDON', NULL, NULL, NULL, NULL, NULL, NULL),
(15, 1584, 158403, 'DATU BLAH T. SINSUAT', NULL, NULL, NULL, NULL, NULL, NULL),
(15, 1584, 158404, 'DATU ODIN SINSUAT (DINAIG) (Capital)', NULL, NULL, NULL, NULL, NULL, NULL),
(15, 1584, 158405, 'KABUNTALAN (TUMBAO)', NULL, NULL, NULL, NULL, NULL, NULL),
(15, 1584, 158406, 'MATANOG', NULL, NULL, NULL, NULL, NULL, NULL),
(15, 1584, 158407, 'PARANG', NULL, NULL, NULL, NULL, NULL, NULL),
(15, 1584, 158408, 'SULTAN KUDARAT (NULING)', NULL, NULL, NULL, NULL, NULL, NULL),
(15, 1584, 158409, 'SULTAN MASTURA', NULL, NULL, NULL, NULL, NULL, NULL),
(15, 1584, 158410, 'UPI', NULL, NULL, NULL, NULL, NULL, NULL),
(15, 1584, 158411, 'NORTHERN KABUNTALAN', NULL, NULL, NULL, NULL, NULL, NULL),
(16, 1602, 160201, 'BUENAVISTA', NULL, NULL, NULL, NULL, NULL, NULL),
(16, 1602, 160202, 'BUTUAN CITY (Capital)', NULL, NULL, NULL, NULL, NULL, NULL),
(16, 1602, 160203, 'CITY OF CABADBARAN', NULL, NULL, NULL, NULL, NULL, NULL),
(16, 1602, 160204, 'CARMEN', NULL, NULL, NULL, NULL, NULL, NULL),
(16, 1602, 160205, 'JABONGA', NULL, NULL, NULL, NULL, NULL, NULL),
(16, 1602, 160206, 'KITCHARAO', NULL, NULL, NULL, NULL, NULL, NULL),
(16, 1602, 160207, 'LAS NIEVES', NULL, NULL, NULL, NULL, NULL, NULL),
(16, 1602, 160208, 'MAGALLANES', NULL, NULL, NULL, NULL, NULL, NULL),
(16, 1602, 160209, 'NASIPIT', NULL, NULL, NULL, NULL, NULL, NULL),
(16, 1602, 160210, 'SANTIAGO', NULL, NULL, NULL, NULL, NULL, NULL),
(16, 1602, 160211, 'TUBAY', NULL, NULL, NULL, NULL, NULL, NULL),
(16, 1602, 160212, 'REMEDIOS T. ROMUALDEZ', NULL, NULL, NULL, NULL, NULL, NULL),
(16, 1603, 160301, 'CITY OF BAYUGAN', NULL, NULL, NULL, NULL, NULL, NULL),
(16, 1603, 160302, 'BUNAWAN', NULL, NULL, NULL, NULL, NULL, NULL),
(16, 1603, 160303, 'ESPERANZA', NULL, NULL, NULL, NULL, NULL, NULL),
(16, 1603, 160304, 'LA PAZ', NULL, NULL, NULL, NULL, NULL, NULL),
(16, 1603, 160305, 'LORETO', NULL, NULL, NULL, NULL, NULL, NULL),
(16, 1603, 160306, 'PROSPERIDAD (Capital)', NULL, NULL, NULL, NULL, NULL, NULL);
INSERT INTO `municipality` (`regcode`, `provcode`, `citycode`, `city_name`, `nscb_city_code`, `nscb_city_name`, `addedby`, `UserLevelID`, `dateupdated`, `status`) VALUES
(16, 1603, 160307, 'ROSARIO', NULL, NULL, NULL, NULL, NULL, NULL),
(16, 1603, 160308, 'SAN FRANCISCO', NULL, NULL, NULL, NULL, NULL, NULL),
(16, 1603, 160309, 'SAN LUIS', NULL, NULL, NULL, NULL, NULL, NULL),
(16, 1603, 160310, 'SANTA JOSEFA', NULL, NULL, NULL, NULL, NULL, NULL),
(16, 1603, 160311, 'TALACOGON', NULL, NULL, NULL, NULL, NULL, NULL),
(16, 1603, 160312, 'TRENTO', NULL, NULL, NULL, NULL, NULL, NULL),
(16, 1603, 160313, 'VERUELA', NULL, NULL, NULL, NULL, NULL, NULL),
(16, 1603, 160314, 'SIBAGAT', NULL, NULL, NULL, NULL, NULL, NULL),
(16, 1667, 166701, 'ALEGRIA', NULL, NULL, NULL, NULL, NULL, NULL),
(16, 1667, 166702, 'BACUAG', NULL, NULL, NULL, NULL, NULL, NULL),
(16, 1667, 166704, 'BURGOS', NULL, NULL, NULL, NULL, NULL, NULL),
(16, 1667, 166706, 'CLAVER', NULL, NULL, NULL, NULL, NULL, NULL),
(16, 1667, 166707, 'DAPA', NULL, NULL, NULL, NULL, NULL, NULL),
(16, 1667, 166708, 'DEL CARMEN', NULL, NULL, NULL, NULL, NULL, NULL),
(16, 1667, 166710, 'GENERAL LUNA', NULL, NULL, NULL, NULL, NULL, NULL),
(16, 1667, 166711, 'GIGAQUIT', NULL, NULL, NULL, NULL, NULL, NULL),
(16, 1667, 166714, 'MAINIT', NULL, NULL, NULL, NULL, NULL, NULL),
(16, 1667, 166715, 'MALIMONO', NULL, NULL, NULL, NULL, NULL, NULL),
(16, 1667, 166716, 'PILAR', NULL, NULL, NULL, NULL, NULL, NULL),
(16, 1667, 166717, 'PLACER', NULL, NULL, NULL, NULL, NULL, NULL),
(16, 1667, 166718, 'SAN BENITO', NULL, NULL, NULL, NULL, NULL, NULL),
(16, 1667, 166719, 'SAN FRANCISCO (ANAO-AON)', NULL, NULL, NULL, NULL, NULL, NULL),
(16, 1667, 166720, 'SAN ISIDRO', NULL, NULL, NULL, NULL, NULL, NULL),
(16, 1667, 166721, 'SANTA MONICA (SAPAO)', NULL, NULL, NULL, NULL, NULL, NULL),
(16, 1667, 166722, 'SISON', NULL, NULL, NULL, NULL, NULL, NULL),
(16, 1667, 166723, 'SOCORRO', NULL, NULL, NULL, NULL, NULL, NULL),
(16, 1667, 166724, 'SURIGAO CITY (Capital)', NULL, NULL, NULL, NULL, NULL, NULL),
(16, 1667, 166725, 'TAGANA-AN', NULL, NULL, NULL, NULL, NULL, NULL),
(16, 1667, 166727, 'TUBOD', NULL, NULL, NULL, NULL, NULL, NULL),
(16, 1668, 166801, 'BAROBO', NULL, NULL, NULL, NULL, NULL, NULL),
(16, 1668, 166802, 'BAYABAS', NULL, NULL, NULL, NULL, NULL, NULL),
(16, 1668, 166803, 'CITY OF BISLIG', NULL, NULL, NULL, NULL, NULL, NULL),
(16, 1668, 166804, 'CAGWAIT', NULL, NULL, NULL, NULL, NULL, NULL),
(16, 1668, 166805, 'CANTILAN', NULL, NULL, NULL, NULL, NULL, NULL),
(16, 1668, 166806, 'CARMEN', NULL, NULL, NULL, NULL, NULL, NULL),
(16, 1668, 166807, 'CARRASCAL', NULL, NULL, NULL, NULL, NULL, NULL),
(16, 1668, 166808, 'CORTES', NULL, NULL, NULL, NULL, NULL, NULL),
(16, 1668, 166809, 'HINATUAN', NULL, NULL, NULL, NULL, NULL, NULL),
(16, 1668, 166810, 'LANUZA', NULL, NULL, NULL, NULL, NULL, NULL),
(16, 1668, 166811, 'LIANGA', NULL, NULL, NULL, NULL, NULL, NULL),
(16, 1668, 166812, 'LINGIG', NULL, NULL, NULL, NULL, NULL, NULL),
(16, 1668, 166813, 'MADRID', NULL, NULL, NULL, NULL, NULL, NULL),
(16, 1668, 166814, 'MARIHATAG', NULL, NULL, NULL, NULL, NULL, NULL),
(16, 1668, 166815, 'SAN AGUSTIN', NULL, NULL, NULL, NULL, NULL, NULL),
(16, 1668, 166816, 'SAN MIGUEL', NULL, NULL, NULL, NULL, NULL, NULL),
(16, 1668, 166817, 'TAGBINA', NULL, NULL, NULL, NULL, NULL, NULL),
(16, 1668, 166818, 'TAGO', NULL, NULL, NULL, NULL, NULL, NULL),
(16, 1668, 166819, 'CITY OF TANDAG (Capital)', NULL, NULL, NULL, NULL, NULL, NULL),
(16, 1685, 168501, 'BASILISA (RIZAL)', NULL, NULL, NULL, NULL, NULL, NULL),
(16, 1685, 168502, 'CAGDIANAO', NULL, NULL, NULL, NULL, NULL, NULL),
(16, 1685, 168503, 'DINAGAT', NULL, NULL, NULL, NULL, NULL, NULL),
(16, 1685, 168504, 'LIBJO (ALBOR)', NULL, NULL, NULL, NULL, NULL, NULL),
(16, 1685, 168505, 'LORETO', NULL, NULL, NULL, NULL, NULL, NULL),
(16, 1685, 168506, 'SAN JOSE (Capital)', NULL, NULL, NULL, NULL, NULL, NULL),
(16, 1685, 168507, 'TUBAJON', NULL, NULL, NULL, NULL, NULL, NULL),
(17, 1740, 174001, 'BOAC (Capital)', NULL, NULL, NULL, NULL, NULL, NULL),
(17, 1740, 174002, 'BUENAVISTA', NULL, NULL, NULL, NULL, NULL, NULL),
(17, 1740, 174003, 'GASAN', NULL, NULL, NULL, NULL, NULL, NULL),
(17, 1740, 174004, 'MOGPOG', NULL, NULL, NULL, NULL, NULL, NULL),
(17, 1740, 174005, 'SANTA CRUZ', NULL, NULL, NULL, NULL, NULL, NULL),
(17, 1740, 174006, 'TORRIJOS', NULL, NULL, NULL, NULL, NULL, NULL),
(17, 1751, 175101, 'ABRA DE ILOG', NULL, NULL, NULL, NULL, NULL, NULL),
(17, 1751, 175102, 'CALINTAAN', NULL, NULL, NULL, NULL, NULL, NULL),
(17, 1751, 175103, 'LOOC', NULL, NULL, NULL, NULL, NULL, NULL),
(17, 1751, 175104, 'LUBANG', NULL, NULL, NULL, NULL, NULL, NULL),
(17, 1751, 175105, 'MAGSAYSAY', NULL, NULL, NULL, NULL, NULL, NULL),
(17, 1751, 175106, 'MAMBURAO (Capital)', NULL, NULL, NULL, NULL, NULL, NULL),
(17, 1751, 175107, 'PALUAN', NULL, NULL, NULL, NULL, NULL, NULL),
(17, 1751, 175108, 'RIZAL', NULL, NULL, NULL, NULL, NULL, NULL),
(17, 1751, 175109, 'SABLAYAN', NULL, NULL, NULL, NULL, NULL, NULL),
(17, 1751, 175110, 'SAN JOSE', NULL, NULL, NULL, NULL, NULL, NULL),
(17, 1751, 175111, 'SANTA CRUZ', NULL, NULL, NULL, NULL, NULL, NULL),
(17, 1752, 175201, 'BACO', NULL, NULL, NULL, NULL, NULL, NULL),
(17, 1752, 175202, 'BANSUD', NULL, NULL, NULL, NULL, NULL, NULL),
(17, 1752, 175203, 'BONGABONG', NULL, NULL, NULL, NULL, NULL, NULL),
(17, 1752, 175204, 'BULALACAO (SAN PEDRO)', NULL, NULL, NULL, NULL, NULL, NULL),
(17, 1752, 175205, 'CITY OF CALAPAN (Capital)', NULL, NULL, NULL, NULL, NULL, NULL),
(17, 1752, 175206, 'GLORIA', NULL, NULL, NULL, NULL, NULL, NULL),
(17, 1752, 175207, 'MANSALAY', NULL, NULL, NULL, NULL, NULL, NULL),
(17, 1752, 175208, 'NAUJAN', NULL, NULL, NULL, NULL, NULL, NULL),
(17, 1752, 175209, 'PINAMALAYAN', NULL, NULL, NULL, NULL, NULL, NULL),
(17, 1752, 175210, 'POLA', NULL, NULL, NULL, NULL, NULL, NULL),
(17, 1752, 175211, 'PUERTO GALERA', NULL, NULL, NULL, NULL, NULL, NULL),
(17, 1752, 175212, 'ROXAS', NULL, NULL, NULL, NULL, NULL, NULL),
(17, 1752, 175213, 'SAN TEODORO', NULL, NULL, NULL, NULL, NULL, NULL),
(17, 1752, 175214, 'SOCORRO', NULL, NULL, NULL, NULL, NULL, NULL),
(17, 1752, 175215, 'VICTORIA', NULL, NULL, NULL, NULL, NULL, NULL),
(17, 1753, 175301, 'ABORLAN', NULL, NULL, NULL, NULL, NULL, NULL),
(17, 1753, 175302, 'AGUTAYA', NULL, NULL, NULL, NULL, NULL, NULL),
(17, 1753, 175303, 'ARACELI', NULL, NULL, NULL, NULL, NULL, NULL),
(17, 1753, 175304, 'BALABAC', NULL, NULL, NULL, NULL, NULL, NULL),
(17, 1753, 175305, 'BATARAZA', NULL, NULL, NULL, NULL, NULL, NULL),
(17, 1753, 175306, 'BROOKE''S POINT', NULL, NULL, NULL, NULL, NULL, NULL),
(17, 1753, 175307, 'BUSUANGA', NULL, NULL, NULL, NULL, NULL, NULL),
(17, 1753, 175308, 'CAGAYANCILLO', NULL, NULL, NULL, NULL, NULL, NULL),
(17, 1753, 175309, 'CORON', NULL, NULL, NULL, NULL, NULL, NULL),
(17, 1753, 175310, 'CUYO', NULL, NULL, NULL, NULL, NULL, NULL),
(17, 1753, 175311, 'DUMARAN', NULL, NULL, NULL, NULL, NULL, NULL),
(17, 1753, 175312, 'EL NIDO (BACUIT)', NULL, NULL, NULL, NULL, NULL, NULL),
(17, 1753, 175313, 'LINAPACAN', NULL, NULL, NULL, NULL, NULL, NULL),
(17, 1753, 175314, 'MAGSAYSAY', NULL, NULL, NULL, NULL, NULL, NULL),
(17, 1753, 175315, 'NARRA', NULL, NULL, NULL, NULL, NULL, NULL),
(17, 1753, 175316, 'PUERTO PRINCESA CITY (Capital)', NULL, NULL, NULL, NULL, NULL, NULL),
(17, 1753, 175317, 'QUEZON', NULL, NULL, NULL, NULL, NULL, NULL),
(17, 1753, 175318, 'ROXAS', NULL, NULL, NULL, NULL, NULL, NULL),
(17, 1753, 175319, 'SAN VICENTE', NULL, NULL, NULL, NULL, NULL, NULL),
(17, 1753, 175320, 'TAYTAY', NULL, NULL, NULL, NULL, NULL, NULL),
(17, 1753, 175321, 'KALAYAAN', NULL, NULL, NULL, NULL, NULL, NULL),
(17, 1753, 175322, 'CULION', NULL, NULL, NULL, NULL, NULL, NULL),
(17, 1753, 175323, 'RIZAL (MARCOS)', NULL, NULL, NULL, NULL, NULL, NULL),
(17, 1753, 175324, 'SOFRONIO ESPA?OLA', NULL, NULL, NULL, NULL, NULL, NULL),
(17, 1759, 175901, 'ALCANTARA', NULL, NULL, NULL, NULL, NULL, NULL),
(17, 1759, 175902, 'BANTON', NULL, NULL, NULL, NULL, NULL, NULL),
(17, 1759, 175903, 'CAJIDIOCAN', NULL, NULL, NULL, NULL, NULL, NULL),
(17, 1759, 175904, 'CALATRAVA', NULL, NULL, NULL, NULL, NULL, NULL),
(17, 1759, 175905, 'CONCEPCION', NULL, NULL, NULL, NULL, NULL, NULL),
(17, 1759, 175906, 'CORCUERA', NULL, NULL, NULL, NULL, NULL, NULL),
(17, 1759, 175907, 'LOOC', NULL, NULL, NULL, NULL, NULL, NULL),
(17, 1759, 175908, 'MAGDIWANG', NULL, NULL, NULL, NULL, NULL, NULL),
(17, 1759, 175909, 'ODIONGAN', NULL, NULL, NULL, NULL, NULL, NULL),
(17, 1759, 175910, 'ROMBLON (Capital)', NULL, NULL, NULL, NULL, NULL, NULL),
(17, 1759, 175911, 'SAN AGUSTIN', NULL, NULL, NULL, NULL, NULL, NULL),
(17, 1759, 175912, 'SAN ANDRES', NULL, NULL, NULL, NULL, NULL, NULL),
(17, 1759, 175913, 'SAN FERNANDO', NULL, NULL, NULL, NULL, NULL, NULL),
(17, 1759, 175914, 'SAN JOSE', NULL, NULL, NULL, NULL, NULL, NULL),
(17, 1759, 175915, 'SANTA FE', NULL, NULL, NULL, NULL, NULL, NULL),
(17, 1759, 175916, 'FERROL', NULL, NULL, NULL, NULL, NULL, NULL),
(17, 1759, 175917, 'SANTA MARIA (IMELDA)', NULL, NULL, NULL, NULL, NULL, NULL),
(15, 1507, 150713, 'TABUAN-LASA', NULL, NULL, NULL, NULL, NULL, NULL),
(15, 1538, 153830, 'DATU BLAH T. SINSUAT', NULL, NULL, NULL, NULL, NULL, NULL),
(15, 1538, 153835, 'DATU HOFFER AMPATUAN', NULL, NULL, NULL, NULL, NULL, NULL),
(15, 1538, 153836, 'DATU SALIBO', NULL, NULL, NULL, NULL, NULL, NULL),
(15, 1538, 153834, 'NORTHERN KABUNTALAN', NULL, NULL, NULL, NULL, NULL, NULL),
(15, 1538, 153837, 'SHARIFF SAYDONA MUSTAPHA', NULL, NULL, NULL, NULL, NULL, NULL);

-- --------------------------------------------------------
